latitude,longitude,brightness,scan,track,acq_date,acq_time,satellite,instrument,confidence,version,bright_t31,frp,daynight,type
30.2638,78.7226,312,2.7,1.6,2024-04-24,0528,Terra,MODIS,35,61.03,299.8,21.2,D,0
30.2582,78.7484,313,2.8,1.6,2024-04-24,0528,Terra,MODIS,35,61.03,299.7,23.9,D,0
29.3407,79.2325,316.6,3.1,1.7,2024-04-24,0528,Terra,MODIS,39,61.03,302.8,36.7,D,0
29.3406,79.2261,318,3.1,1.7,2024-04-24,0528,Terra,MODIS,38,61.03,303.4,40.8,D,0
23.7932,74.4019,328.5,1.9,1.3,2024-04-24,0530,Terra,MODIS,51,61.03,313.3,22.7,D,0
24.1473,74.1866,329,1.8,1.3,2024-04-24,0530,Terra,MODIS,56,61.03,315.1,19.1,D,0
21.5044,71.0366,333.3,1.2,1.1,2024-04-24,0531,Terra,MODIS,73,61.03,314.5,15.9,D,0
21.5295,71.0053,334.5,1.2,1.1,2024-04-24,0531,Terra,MODIS,75,61.03,314.7,18.8,D,2
23.7421,83.2573,328.7,1.4,1.2,2024-04-24,0802,Aqua,MODIS,59,61.03,313.1,13.6,D,0
23.6954,85.9653,337.4,1,1,2024-04-24,0802,Aqua,MODIS,81,61.03,315.7,18.7,D,0
23.791,86.9692,331.5,1,1,2024-04-24,0802,Aqua,MODIS,71,61.03,313.9,11.9,D,0
23.6458,86.2465,331.9,1,1,2024-04-24,0802,Aqua,MODIS,73,61.03,317.7,10.7,D,0
23.0751,83.3966,324.8,1.4,1.2,2024-04-24,0802,Aqua,MODIS,59,61.03,309.6,8.2,D,0
23.5539,87.2359,338,1,1,2024-04-24,0802,Aqua,MODIS,0,61.03,316.1,20.3,D,2
29.1409,80.1234,314.6,1.8,1.3,2024-04-24,0804,Aqua,MODIS,33,61.03,302.1,12,D,0
29.5669,79.3992,318.7,1.9,1.4,2024-04-24,0804,Aqua,MODIS,38,61.03,302.2,18.1,D,0
29.5299,79.1807,319.9,2,1.4,2024-04-24,0804,Aqua,MODIS,62,61.03,307.2,23.5,D,0
29.5339,79.201,319.1,2,1.4,2024-04-24,0804,Aqua,MODIS,58,61.03,306.5,22.2,D,0
29.5005,79.5047,318.9,1.9,1.4,2024-04-24,0804,Aqua,MODIS,46,61.03,304.7,22,D,0
29.1282,80.007,315.7,1.8,1.3,2024-04-24,0804,Aqua,MODIS,9,61.03,301.5,12.3,D,0
29.1287,79.9963,320.8,1.8,1.3,2024-04-24,0804,Aqua,MODIS,68,61.03,302.2,24.7,D,0
28.968,79.3589,324.5,2,1.4,2024-04-24,0804,Aqua,MODIS,71,61.03,311.9,23.5,D,0
30.2522,78.7173,325.3,2.1,1.4,2024-04-24,0804,Aqua,MODIS,69,61.03,308.7,36.9,D,0
30.2735,78.8872,319.5,2,1.4,2024-04-24,0804,Aqua,MODIS,66,61.03,303.7,26.6,D,0
29.74,79.3652,321.2,1.9,1.4,2024-04-24,0804,Aqua,MODIS,68,61.03,307.5,21.3,D,0
29.6147,79.2631,315.7,2,1.4,2024-04-24,0804,Aqua,MODIS,33,61.03,303,16.9,D,0
29.6182,79.2809,319.8,2,1.4,2024-04-24,0804,Aqua,MODIS,58,61.03,304.4,28.8,D,0
29.0193,76.5565,322.4,3.1,1.7,2024-04-24,0804,Aqua,MODIS,56,61.03,307,32.6,D,0
29.5377,79.1928,321.7,2,1.4,2024-04-24,0804,Aqua,MODIS,65,61.03,306.2,28,D,0
28.0711,76.7532,309.9,1,1,2024-04-24,1626,Terra,MODIS,79,61.03,293.4,9.4,N,0
29.1634,80.1497,303.6,1.3,1.1,2024-04-24,1626,Terra,MODIS,56,61.03,292.5,6.7,N,0
29.2589,79.4784,313.2,1.2,1.1,2024-04-24,1626,Terra,MODIS,85,61.03,298.3,11.7,N,0
29.262,79.4842,309.4,1.2,1.1,2024-04-24,1626,Terra,MODIS,75,61.03,297.6,8.7,N,0
29.2606,79.4724,308.6,1.2,1.1,2024-04-24,1626,Terra,MODIS,74,61.03,298.1,7.8,N,0
29.4868,80.1273,304.8,1.3,1.1,2024-04-24,1626,Terra,MODIS,43,61.03,294.4,7.4,N,0
29.485,80.1121,308.5,1.3,1.1,2024-04-24,1626,Terra,MODIS,75,61.03,293.6,11.2,N,0
29.7464,79.7233,300.6,1.3,1.1,2024-04-24,1626,Terra,MODIS,31,61.03,289.2,6.5,N,0
31.4881,76.3406,306,1,1,2024-04-24,1627,Terra,MODIS,66,61.03,294.2,5.3,N,0
30.2032,78.5834,307.3,1.1,1.1,2024-04-24,1627,Terra,MODIS,71,61.03,291.3,8.7,N,0
31.5491,76.3122,306.5,1,1,2024-04-24,1627,Terra,MODIS,68,61.03,293.1,6.4,N,0
30.3084,79.1392,305.1,1.2,1.1,2024-04-24,1627,Terra,MODIS,63,61.03,292.3,7.5,N,0
30.2874,78.8815,302.3,1.2,1.1,2024-04-24,1627,Terra,MODIS,44,61.03,290.7,5.6,N,0
30.2825,78.7215,309.2,1.2,1.1,2024-04-24,1627,Terra,MODIS,77,61.03,292.1,10.8,N,0
30.2811,78.7096,305.1,1.2,1.1,2024-04-24,1627,Terra,MODIS,63,61.03,291.5,7.3,N,0
30.3079,78.6917,302.7,1.2,1.1,2024-04-24,1627,Terra,MODIS,50,61.03,290.8,6,N,0
30.3152,78.3597,300.9,1.1,1.1,2024-04-24,1627,Terra,MODIS,35,61.03,289.2,5.5,N,0
30.303,79.1772,307.5,1.2,1.1,2024-04-24,1627,Terra,MODIS,72,61.03,291.8,10.2,N,0
30.314,79.1864,313,1.2,1.1,2024-04-24,1627,Terra,MODIS,86,61.03,289.9,15.2,N,0
30.3125,79.1741,320.5,1.2,1.1,2024-04-24,1627,Terra,MODIS,100,61.03,291,23.6,N,0
23.78,86.3935,310,2.1,1.4,2024-04-24,2010,Aqua,MODIS,61,61.03,298.9,20,N,2
31.2301,76.2044,321.8,2.7,1.6,2024-04-25,0430,Terra,MODIS,72,61.03,306,32.3,D,0
29.9477,80.4675,321.5,1.4,1.2,2024-04-25,0431,Terra,MODIS,72,61.03,297.8,20.6,D,0
29.9464,80.4794,322.1,1.4,1.2,2024-04-25,0431,Terra,MODIS,72,61.03,298.9,21.3,D,0
29.8969,80.2923,325.2,1.4,1.2,2024-04-25,0431,Terra,MODIS,78,61.03,300.6,25.9,D,0
29.8956,80.3035,321.4,1.4,1.2,2024-04-25,0431,Terra,MODIS,73,61.03,304,19.1,D,0
29.9347,79.312,315.4,1.6,1.2,2024-04-25,0431,Terra,MODIS,46,61.03,302.5,11.7,D,0
29.3137,79.6819,320.3,1.5,1.2,2024-04-25,0431,Terra,MODIS,47,61.03,305.3,14.5,D,0
29.3124,79.694,322.1,1.5,1.2,2024-04-25,0431,Terra,MODIS,62,61.03,304.5,18.1,D,0
29.2285,79.9145,317.5,1.4,1.2,2024-04-25,0431,Terra,MODIS,32,61.03,303.7,8.3,D,0
29.215,79.9405,320.6,1.4,1.2,2024-04-25,0431,Terra,MODIS,57,61.03,302.6,14.1,D,0
29.2266,79.6435,323.2,1.5,1.2,2024-04-25,0431,Terra,MODIS,67,61.03,305.9,19.1,D,0
29.225,79.6579,318,1.5,1.2,2024-04-25,0431,Terra,MODIS,39,61.03,305.1,8.9,D,0
29.1502,79.8915,326.1,1.4,1.2,2024-04-25,0431,Terra,MODIS,71,61.03,305.3,23.3,D,0
29.1396,79.8916,324,1.4,1.2,2024-04-25,0431,Terra,MODIS,68,61.03,305.1,19.6,D,0
29.186,78.9543,323.9,1.6,1.3,2024-04-25,0431,Terra,MODIS,65,61.03,308,17.4,D,0
28.8865,79.8897,326.7,1.4,1.2,2024-04-25,0431,Terra,MODIS,64,61.03,307.5,18.2,D,0
23.7781,86.388,330.6,1.3,1.1,2024-04-25,0432,Terra,MODIS,37,61.03,314,14.8,D,2
23.6061,82.9733,328,1,1,2024-04-25,0432,Terra,MODIS,67,61.03,308.5,13,D,0
23.6083,82.583,324.2,1,1,2024-04-25,0432,Terra,MODIS,45,61.03,311.2,6.2,D,0
20.8644,84.8832,325.7,1.2,1.1,2024-04-25,0433,Terra,MODIS,66,61.03,308.2,11.2,D,0
21.9264,83.3467,326.3,1,1,2024-04-25,0433,Terra,MODIS,20,61.03,309.1,8.6,D,2
21.9161,83.3548,326.7,1,1,2024-04-25,0433,Terra,MODIS,55,61.03,309.4,8.4,D,2
21.0607,84.8746,328,1.2,1.1,2024-04-25,0433,Terra,MODIS,74,61.03,307.2,14.4,D,0
21.9192,72.7714,341,1.6,1.2,2024-04-25,0843,Aqua,MODIS,82,61.03,313.1,36.3,D,2
21.9167,72.7567,340.7,1.6,1.2,2024-04-25,0843,Aqua,MODIS,81,61.03,312.8,34.7,D,2
23.8111,73.4094,336.8,1.3,1.1,2024-04-25,0843,Aqua,MODIS,74,61.03,314.8,24.4,D,0
24.2466,82.4359,334.7,1.7,1.3,2024-04-25,0843,Aqua,MODIS,28,61.03,317.3,22.1,D,0
24.2017,82.0436,342.8,1.6,1.3,2024-04-25,0843,Aqua,MODIS,84,61.03,318.4,47.4,D,0
24.1999,82.028,336.8,1.6,1.3,2024-04-25,0843,Aqua,MODIS,60,61.03,319.8,27.1,D,0
24.2581,82.4347,336.8,1.7,1.3,2024-04-25,0843,Aqua,MODIS,49,61.03,319.2,28.3,D,0
24.2128,82.042,337.1,1.6,1.3,2024-04-25,0843,Aqua,MODIS,75,61.03,318.3,27.8,D,0
24.2024,82.0366,343.5,1.6,1.3,2024-04-25,0843,Aqua,MODIS,85,61.03,319.8,49.6,D,0
24.258,82.4445,334.3,1.8,1.3,2024-04-25,0843,Aqua,MODIS,69,61.03,318.5,21,D,0
24.2562,82.4279,334.9,1.7,1.3,2024-04-25,0843,Aqua,MODIS,69,61.03,319.2,22.7,D,0
29.1398,80.1363,320,1.4,1.2,2024-04-25,0845,Aqua,MODIS,56,61.03,305,11.2,D,0
29.1433,79.8878,325.3,1.4,1.2,2024-04-25,0845,Aqua,MODIS,70,61.03,306.2,19.3,D,0
29.9419,78.3933,324.4,1.2,1.1,2024-04-25,0845,Aqua,MODIS,63,61.03,310.1,10.2,D,0
29.9492,78.4529,324.6,1.2,1.1,2024-04-25,0845,Aqua,MODIS,64,61.03,309.8,11.1,D,0
29.9506,78.4641,322.9,1.2,1.1,2024-04-25,0845,Aqua,MODIS,51,61.03,308.9,8.5,D,0
29.9678,78.6879,324,1.2,1.1,2024-04-25,0845,Aqua,MODIS,64,61.03,311,10.4,D,0
29.8932,78.4198,324.4,1.2,1.1,2024-04-25,0845,Aqua,MODIS,63,61.03,311,10.3,D,0
29.9198,78.6348,323.7,1.2,1.1,2024-04-25,0845,Aqua,MODIS,43,61.03,305,12.7,D,0
29.9563,79.3635,334.2,1.3,1.1,2024-04-25,0845,Aqua,MODIS,83,61.03,306.9,37.8,D,0
29.9577,79.3759,354.2,1.3,1.1,2024-04-25,0845,Aqua,MODIS,97,61.03,305.8,94.6,D,0
29.9461,79.3644,339.3,1.3,1.1,2024-04-25,0845,Aqua,MODIS,87,61.03,306.9,49.3,D,0
29.9478,79.3791,346.7,1.3,1.1,2024-04-25,0845,Aqua,MODIS,92,61.03,308.2,69.8,D,0
29.9254,79.3615,323.5,1.3,1.1,2024-04-25,0845,Aqua,MODIS,67,61.03,304.3,16.6,D,0
29.8407,78.7431,322.9,1.2,1.1,2024-04-25,0845,Aqua,MODIS,61,61.03,305.3,13.1,D,0
29.8404,78.9883,320.9,1.3,1.1,2024-04-25,0845,Aqua,MODIS,52,61.03,306.6,8.5,D,0
29.8266,79.0423,326.4,1.3,1.1,2024-04-25,0845,Aqua,MODIS,67,61.03,310.8,17.9,D,0
29.812,79.0033,329.9,1.3,1.1,2024-04-25,0845,Aqua,MODIS,54,61.03,306.1,22.9,D,0
29.4424,76.2761,334.9,1,1,2024-04-25,0845,Aqua,MODIS,72,61.03,316,14.5,D,0
29.6385,75.1432,332.8,1,1,2024-04-25,0845,Aqua,MODIS,65,61.03,316,11,D,0
29.6175,74.817,333.7,1,1,2024-04-25,0845,Aqua,MODIS,63,61.03,319.6,9.7,D,0
30.1669,78.8203,327.2,1.2,1.1,2024-04-25,0845,Aqua,MODIS,55,61.03,308.3,17.6,D,0
30.1654,78.8082,326.2,1.2,1.1,2024-04-25,0845,Aqua,MODIS,62,61.03,310.5,14.6,D,0
30.1964,78.8164,327.8,1.2,1.1,2024-04-25,0845,Aqua,MODIS,60,61.03,311.1,16.1,D,0
30.195,78.8046,327.6,1.2,1.1,2024-04-25,0845,Aqua,MODIS,64,61.03,313.7,14.9,D,0
30.1969,78.576,332.2,1.2,1.1,2024-04-25,0845,Aqua,MODIS,71,61.03,314.6,21.9,D,0
30.0332,77.2979,330.2,1.1,1,2024-04-25,0845,Aqua,MODIS,71,61.03,313.3,15,D,0
30.2799,79.1756,320.6,1.3,1.1,2024-04-25,0845,Aqua,MODIS,37,61.03,305,11.5,D,0
30.2064,78.5725,328.5,1.2,1.1,2024-04-25,0845,Aqua,MODIS,58,61.03,311,15.3,D,0
30.284,78.8606,327,1.3,1.1,2024-04-25,0845,Aqua,MODIS,73,61.03,310.2,17,D,0
30.2508,78.5843,325.5,1.2,1.1,2024-04-25,0845,Aqua,MODIS,61,61.03,309.5,12.9,D,0
30.2681,78.6449,322.1,1.2,1.1,2024-04-25,0845,Aqua,MODIS,50,61.03,309.2,10,D,0
30.2501,78.4972,336,1.2,1.1,2024-04-25,0845,Aqua,MODIS,83,61.03,310.7,30.2,D,0
30.3393,79.1565,321.6,1.3,1.1,2024-04-25,0845,Aqua,MODIS,55,61.03,306.2,13.4,D,0
30.3379,79.1441,325,1.3,1.1,2024-04-25,0845,Aqua,MODIS,71,61.03,308.2,18.1,D,0
30.2554,78.2252,327,1.2,1.1,2024-04-25,0845,Aqua,MODIS,71,61.03,310.8,13.3,D,0
30.3714,78.747,322.1,1.2,1.1,2024-04-25,0845,Aqua,MODIS,58,61.03,304.1,15.8,D,0
30.3488,78.5601,333.8,1.2,1.1,2024-04-25,0845,Aqua,MODIS,81,61.03,304.7,30,D,0
30.3472,78.5475,337.6,1.2,1.1,2024-04-25,0845,Aqua,MODIS,85,61.03,305.3,37.2,D,0
29.9883,75.1329,338.2,1,1,2024-04-25,0845,Aqua,MODIS,78,61.03,314,20.4,D,0
30.1772,76.3214,330.9,1,1,2024-04-25,0845,Aqua,MODIS,68,61.03,314.6,11.2,D,0
30.5962,78.3276,325.3,1.2,1.1,2024-04-25,0845,Aqua,MODIS,43,61.03,309.4,13.4,D,0
30.6057,78.3257,325.5,1.2,1.1,2024-04-25,0845,Aqua,MODIS,44,61.03,307.7,14.2,D,0
31.015,77.4269,336.8,1.1,1,2024-04-25,0845,Aqua,MODIS,85,61.03,304.9,33.1,D,0
31.2297,76.2001,328.2,1,1,2024-04-25,0845,Aqua,MODIS,72,61.03,315.4,8.4,D,0
31.5082,76.0861,328.5,1,1,2024-04-25,0845,Aqua,MODIS,74,61.03,312.5,13.1,D,0
29.9855,78.5091,328.8,1.2,1.1,2024-04-25,0845,Aqua,MODIS,73,61.03,312,15.7,D,0
29.8021,79.0088,324.4,1.3,1.1,2024-04-25,0845,Aqua,MODIS,39,61.03,301.6,18.7,D,0
29.7464,78.8797,323.5,1.2,1.1,2024-04-25,0845,Aqua,MODIS,41,61.03,306.5,12.4,D,0
29.8472,79.8297,325.8,1.4,1.2,2024-04-25,0845,Aqua,MODIS,72,61.03,308.9,18.1,D,0
29.8728,80.1556,320.4,1.5,1.2,2024-04-25,0845,Aqua,MODIS,55,61.03,306.9,11.7,D,0
29.8745,80.1709,331.4,1.5,1.2,2024-04-25,0845,Aqua,MODIS,81,61.03,307.3,33.7,D,0
29.4768,76.9894,330.9,1,1,2024-04-25,0845,Aqua,MODIS,67,61.03,316.3,9.8,D,0
29.7663,79.3927,326.9,1.3,1.1,2024-04-25,0845,Aqua,MODIS,71,61.03,310,16,D,0
29.7486,79.3272,321.7,1.3,1.1,2024-04-25,0845,Aqua,MODIS,40,61.03,307.4,7.4,D,0
29.7492,79.3346,325.1,1.3,1.1,2024-04-25,0845,Aqua,MODIS,62,61.03,308.1,12.2,D,0
29.751,79.5238,320.4,1.3,1.1,2024-04-25,0845,Aqua,MODIS,28,61.03,305.1,11.3,D,0
29.6858,79.3174,325.1,1.3,1.1,2024-04-25,0845,Aqua,MODIS,52,61.03,311,11.2,D,0
29.6255,79.1461,327.4,1.3,1.1,2024-04-25,0845,Aqua,MODIS,71,61.03,310,14.5,D,0
29.7381,80.1996,321.9,1.5,1.2,2024-04-25,0845,Aqua,MODIS,46,61.03,306.5,13.4,D,0
29.5928,79.8267,323.1,1.4,1.2,2024-04-25,0845,Aqua,MODIS,64,61.03,307.3,14.1,D,0
29.5557,80.1081,325.6,1.4,1.2,2024-04-25,0845,Aqua,MODIS,52,61.03,312.6,14.2,D,0
29.4747,79.6799,329.4,1.4,1.2,2024-04-25,0845,Aqua,MODIS,74,61.03,306,29.6,D,0
29.4764,79.6944,324.8,1.4,1.2,2024-04-25,0845,Aqua,MODIS,57,61.03,306.3,20,D,0
29.3498,79.488,326.3,1.3,1.1,2024-04-25,0845,Aqua,MODIS,64,61.03,308.9,18.2,D,0
29.3118,79.6746,324.4,1.4,1.2,2024-04-25,0845,Aqua,MODIS,66,61.03,304.8,16.7,D,0
29.3137,79.6901,325.3,1.4,1.2,2024-04-25,0845,Aqua,MODIS,69,61.03,303.7,19.2,D,0
29.2553,79.6343,324.5,1.3,1.1,2024-04-25,0845,Aqua,MODIS,63,61.03,310.5,15.5,D,0
29.2863,79.9074,327,1.4,1.2,2024-04-25,0845,Aqua,MODIS,73,61.03,302.9,23.9,D,0
29.288,79.9219,339.1,1.4,1.2,2024-04-25,0845,Aqua,MODIS,87,61.03,302.3,53.5,D,0
29.2777,79.9244,327,1.4,1.2,2024-04-25,0845,Aqua,MODIS,70,61.03,302.3,26.5,D,0
29.2334,79.7926,323.3,1.4,1.2,2024-04-25,0845,Aqua,MODIS,64,61.03,304.2,16.6,D,0
29.2439,80.067,318.1,1.4,1.2,2024-04-25,0845,Aqua,MODIS,31,61.03,303.5,8.6,D,0
29.1417,79.874,324.1,1.4,1.2,2024-04-25,0845,Aqua,MODIS,67,61.03,306.3,16.7,D,0
28.9686,79.959,328.3,1.4,1.2,2024-04-25,0845,Aqua,MODIS,73,61.03,313.8,11.6,D,0
28.967,79.945,334.6,1.4,1.2,2024-04-25,0845,Aqua,MODIS,82,61.03,314.3,25.2,D,0
29.0236,80.0169,330.2,1.4,1.2,2024-04-25,0845,Aqua,MODIS,66,61.03,312.6,22,D,0
32.083,75.7057,324.9,1,1,2024-04-25,0846,Aqua,MODIS,68,61.03,311.5,6.4,D,0
23.7618,86.396,313.6,1.8,1.3,2024-04-25,1527,Terra,MODIS,22,61.03,303.5,18.4,N,2
21.1095,72.6375,312.4,1.5,1.2,2024-04-25,1705,Terra,MODIS,79,61.03,297.5,15.1,N,2
21.1067,72.6444,319.4,1.5,1.2,2024-04-25,1705,Terra,MODIS,98,61.03,297.8,26.4,N,2
29.9326,79.385,300.9,1.5,1.2,2024-04-25,2049,Aqua,MODIS,35,61.03,288.2,9.5,N,0
29.6806,79.1837,306.9,1.5,1.2,2024-04-25,2049,Aqua,MODIS,70,61.03,290.4,15.3,N,0
29.2876,79.9409,302.5,1.4,1.2,2024-04-25,2049,Aqua,MODIS,49,61.03,291,8.7,N,0
20.7937,85.2587,309.6,1.3,1.1,2024-04-25,2051,Aqua,MODIS,74,61.03,299.1,10.2,N,2
23.9766,86.1024,310.6,1.3,1.1,2024-04-25,2051,Aqua,MODIS,75,61.03,298.8,10.9,N,0
23.7798,86.3986,314.7,1.4,1.2,2024-04-25,2051,Aqua,MODIS,75,61.03,301.7,15,N,2
23.7831,86.3924,310.8,1.4,1.2,2024-04-25,2051,Aqua,MODIS,27,61.03,299.6,9.8,N,2
23.7606,86.4013,311.7,1.4,1.2,2024-04-25,2051,Aqua,MODIS,42,61.03,299.7,12.2,N,2
21.9262,83.3496,310.4,1,1,2024-04-25,2051,Aqua,MODIS,78,61.03,299.5,7.8,N,2
30.1258,78.3754,336.1,1.4,1.2,2024-04-26,0511,Terra,MODIS,86,61.03,304.6,46.5,D,0
29.9239,79.3808,328.9,1.6,1.2,2024-04-26,0511,Terra,MODIS,83,61.03,298.9,42.3,D,0
29.9207,79.3981,313.6,1.6,1.2,2024-04-26,0511,Terra,MODIS,64,61.03,299,13.2,D,0
29.8913,78.6516,316.9,1.4,1.2,2024-04-26,0511,Terra,MODIS,56,61.03,302.3,11.1,D,0
29.3678,79.7429,311.6,1.7,1.3,2024-04-26,0511,Terra,MODIS,49,61.03,300.6,13.1,D,0
29.4007,79.3732,322.5,1.6,1.2,2024-04-26,0511,Terra,MODIS,73,61.03,304.8,27.5,D,0
29.398,79.3879,327.3,1.6,1.3,2024-04-26,0511,Terra,MODIS,79,61.03,304.1,40.3,D,0
29.3469,79.5417,320.5,1.7,1.3,2024-04-26,0511,Terra,MODIS,66,61.03,302.5,20.5,D,0
29.2339,79.6493,317.5,1.7,1.3,2024-04-26,0511,Terra,MODIS,45,61.03,304.2,14.5,D,0
29.238,79.2454,327.1,1.6,1.2,2024-04-26,0511,Terra,MODIS,75,61.03,307.8,28.3,D,0
29.2351,79.2611,331.1,1.6,1.2,2024-04-26,0511,Terra,MODIS,80,61.03,306.3,37.2,D,0
29.2266,79.0009,324.7,1.5,1.2,2024-04-26,0511,Terra,MODIS,71,61.03,307.6,18.5,D,0
29.1598,78.9789,323,1.5,1.2,2024-04-26,0511,Terra,MODIS,66,61.03,307.8,13.8,D,0
28.9727,79.9229,325.5,1.8,1.3,2024-04-26,0511,Terra,MODIS,29,61.03,312.2,15.2,D,0
28.9063,79.7195,331.3,1.7,1.3,2024-04-26,0511,Terra,MODIS,80,61.03,309.1,37.5,D,0
29.7347,74.2071,335.2,1,1,2024-04-26,0511,Terra,MODIS,77,61.03,313.3,15.2,D,0
29.6647,74.3635,328.2,1,1,2024-04-26,0511,Terra,MODIS,58,61.03,312.6,7.3,D,0
29.5259,74.3106,330.9,1,1,2024-04-26,0511,Terra,MODIS,68,61.03,312.8,10.2,D,0
29.5416,73.9362,329.4,1,1,2024-04-26,0511,Terra,MODIS,59,61.03,310.2,12.1,D,0
31.5339,76.3211,323.8,1.1,1,2024-04-26,0511,Terra,MODIS,74,61.03,308.4,10.1,D,0
31.2493,75.5239,322.9,1,1,2024-04-26,0511,Terra,MODIS,63,61.03,307.2,8,D,0
30.9803,76.2459,324,1.1,1,2024-04-26,0511,Terra,MODIS,69,61.03,309.8,7.4,D,0
30.8869,76.0153,327.8,1,1,2024-04-26,0511,Terra,MODIS,73,61.03,312.9,7.7,D,0
30.2985,79.1605,312.2,1.5,1.2,2024-04-26,0511,Terra,MODIS,57,61.03,299.1,9.4,D,0
30.2364,78.8637,311.4,1.4,1.2,2024-04-26,0511,Terra,MODIS,51,61.03,300,6.4,D,0
30.2339,78.8777,322.4,1.4,1.2,2024-04-26,0511,Terra,MODIS,77,61.03,301.6,23.4,D,0
30.2128,78.7555,318.2,1.4,1.2,2024-04-26,0511,Terra,MODIS,61,61.03,302.6,10.6,D,0
30.2104,78.7691,326.2,1.4,1.2,2024-04-26,0511,Terra,MODIS,80,61.03,302.9,25.4,D,0
29.9012,80.3032,310.1,1.8,1.3,2024-04-26,0511,Terra,MODIS,51,61.03,297.3,13.2,D,0
29.9051,80.2969,310.9,1.8,1.3,2024-04-26,0511,Terra,MODIS,55,61.03,297.5,14.2,D,0
30.206,78.5694,317.1,1.4,1.2,2024-04-26,0511,Terra,MODIS,49,61.03,304.4,10.5,D,0
22.709,72.0756,339.6,1,1,2024-04-26,0513,Terra,MODIS,85,61.03,309.9,25.7,D,0
22.7076,72.0852,370.8,1,1,2024-04-26,0513,Terra,MODIS,100,61.03,311,102.1,D,0
23.492,87.2109,332.3,1.5,1.2,2024-04-26,0746,Aqua,MODIS,73,61.03,313.1,23.5,D,0
23.5652,87.4495,356.2,1.4,1.2,2024-04-26,0746,Aqua,MODIS,97,61.03,313.3,95.6,D,0
23.566,85.9989,331.6,1.8,1.3,2024-04-26,0746,Aqua,MODIS,73,61.03,315.7,22.1,D,0
23.7658,87.0639,330.8,1.5,1.2,2024-04-26,0746,Aqua,MODIS,70,61.03,315.3,16.8,D,0
23.6753,86.0875,329.6,1.7,1.3,2024-04-26,0746,Aqua,MODIS,69,61.03,313.7,20.5,D,2
30.3926,78.7917,313.8,3.9,1.8,2024-04-26,0748,Aqua,MODIS,68,61.03,294.3,62.4,D,0
30.474,78.1796,318.1,4.3,1.9,2024-04-26,0748,Aqua,MODIS,72,61.03,300.1,91.3,D,0
29.8259,79.7088,319.7,3.5,1.8,2024-04-26,0748,Aqua,MODIS,74,61.03,301.3,66.4,D,0
29.8193,79.6806,318.8,3.5,1.8,2024-04-26,0748,Aqua,MODIS,73,61.03,298.8,63.4,D,0
30.3849,78.7942,312.5,3.9,1.8,2024-04-26,0748,Aqua,MODIS,64,61.03,296.2,56.7,D,0
29.8242,79.6835,323.1,3.5,1.8,2024-04-26,0748,Aqua,MODIS,77,61.03,298.9,90,D,0
30.47,78.1894,317.4,4.3,1.9,2024-04-26,0748,Aqua,MODIS,72,61.03,299.5,89.2,D,0
28.871,79.0491,323,4.1,1.9,2024-04-26,0748,Aqua,MODIS,77,61.03,306.5,55.8,D,0
28.9729,79.9298,330.6,3.5,1.8,2024-04-26,0748,Aqua,MODIS,64,61.03,312.4,83.9,D,0
29.0916,80.0368,319.2,3.4,1.7,2024-04-26,0748,Aqua,MODIS,58,61.03,301.1,47.1,D,0
29.4784,80.2294,323.8,3.3,1.7,2024-04-26,0748,Aqua,MODIS,75,61.03,303.6,71.9,D,0
29.8304,79.7108,319,3.5,1.8,2024-04-26,0748,Aqua,MODIS,72,61.03,301.7,62.2,D,0
28.9576,79.9344,328.5,3.5,1.8,2024-04-26,0748,Aqua,MODIS,48,61.03,312.8,67.1,D,0
28.963,79.9371,331.1,3.5,1.8,2024-04-26,0748,Aqua,MODIS,47,61.03,313.1,78.3,D,0
21.1014,72.6421,328.8,1.7,1.3,2024-04-26,0924,Aqua,MODIS,0,61.03,307.9,20.6,D,2
23.4045,70.2561,337,1.3,1.1,2024-04-26,0924,Aqua,MODIS,77,61.03,311.2,27.8,D,0
23.403,70.2438,339.1,1.3,1.1,2024-04-26,0924,Aqua,MODIS,79,61.03,306.5,34.1,D,0
22.1949,70.3714,335.7,1.3,1.1,2024-04-26,0924,Aqua,MODIS,71,61.03,320,12.6,D,0
28.8384,77.0651,331.3,4.5,2,2024-04-26,0926,Aqua,MODIS,70,61.03,303.1,141.3,D,2
28.8388,77.0602,331.3,4.5,2,2024-04-26,0926,Aqua,MODIS,70,61.03,302.9,139.8,D,0
21.9225,83.3499,314.6,1,1,2024-04-26,1607,Terra,MODIS,89,61.03,301.5,8.1,N,2
21.074,85.0393,311.4,1.1,1.1,2024-04-26,1607,Terra,MODIS,79,61.03,301,7.7,N,2
20.9792,85.1319,312.9,1.2,1.1,2024-04-26,1607,Terra,MODIS,46,61.03,300.4,7.6,N,0
20.9644,85.1674,314,1.2,1.1,2024-04-26,1607,Terra,MODIS,67,61.03,301.2,8.8,N,2
20.7912,85.2495,309.8,1.2,1.1,2024-04-26,1607,Terra,MODIS,54,61.03,299.6,6.1,N,2
23.7596,86.4038,314.9,1.5,1.2,2024-04-26,1607,Terra,MODIS,45,61.03,302.6,16.1,N,2
23.7687,86.3881,314.3,1.5,1.2,2024-04-26,1607,Terra,MODIS,39,61.03,303.8,14.7,N,2
23.7793,86.3865,315.1,1.5,1.2,2024-04-26,1607,Terra,MODIS,66,61.03,301.7,15.5,N,2
29.9383,79.9584,303.1,1,1,2024-04-26,1609,Terra,MODIS,53,61.03,289.1,5.8,N,0
28.7884,79.7298,300.6,1,1,2024-04-26,1609,Terra,MODIS,31,61.03,287.8,4.3,N,0
28.8554,79.9936,301,1,1,2024-04-26,1609,Terra,MODIS,29,61.03,284.5,4.4,N,0
29.5386,79.8097,301.1,1,1,2024-04-26,1609,Terra,MODIS,30,61.03,286.7,5.1,N,0
29.6377,79.732,304.3,1,1,2024-04-26,1609,Terra,MODIS,59,61.03,281.4,7.9,N,0
29.7536,79.6975,300.9,1,1,2024-04-26,1609,Terra,MODIS,20,61.03,287.1,4.6,N,0
29.7521,79.6873,304.5,1,1,2024-04-26,1609,Terra,MODIS,60,61.03,285.5,7,N,0
29.7429,79.5629,300.6,1,1,2024-04-26,1609,Terra,MODIS,27,61.03,287.1,4.8,N,0
29.7518,79.5612,301.3,1,1,2024-04-26,1609,Terra,MODIS,39,61.03,287.9,4.9,N,0
29.6808,78.963,302,1.1,1,2024-04-26,1609,Terra,MODIS,28,61.03,288.9,4.3,N,0
29.7812,79.5126,304.7,1,1,2024-04-26,1609,Terra,MODIS,61,61.03,290.7,6.7,N,0
29.761,79.1259,301.7,1,1,2024-04-26,1609,Terra,MODIS,44,61.03,289.6,5,N,0
29.7714,78.9507,303.1,1.1,1,2024-04-26,1609,Terra,MODIS,53,61.03,289.8,5.8,N,0
29.9397,79.9687,302.6,1,1,2024-04-26,1609,Terra,MODIS,50,61.03,289.7,5.6,N,0
29.9756,80.0811,306.3,1,1,2024-04-26,1609,Terra,MODIS,67,61.03,290.8,8.1,N,0
30.0067,79.9186,308.4,1,1,2024-04-26,1609,Terra,MODIS,74,61.03,285,9.7,N,0
29.4268,74.889,302.6,1.7,1.3,2024-04-26,1609,Terra,MODIS,50,61.03,292.3,9.3,N,0
29.431,74.9056,302.3,1,1,2024-04-26,2130,Aqua,MODIS,48,61.03,291.4,5.3,N,0
30.1149,78.5283,300.3,1.5,1.2,2024-04-26,2130,Aqua,MODIS,10,61.03,283.3,11.2,N,0
23.7776,86.3901,333.5,1,1,2024-04-27,0415,Terra,MODIS,64,61.03,312.9,16.5,D,2
23.598,83.0259,328.2,1.4,1.2,2024-04-27,0415,Terra,MODIS,52,61.03,309.8,14.4,D,0
20.7911,85.2553,330.7,1,1,2024-04-27,0415,Terra,MODIS,74,61.03,311.3,14.3,D,2
20.7931,85.2552,333.7,1.3,1.1,2024-04-27,0826,Aqua,MODIS,73,61.03,315.3,17.5,D,2
21.0229,85.1425,328.9,1.3,1.1,2024-04-27,0826,Aqua,MODIS,53,61.03,310.4,10.4,D,0
22.0555,82.9335,332.6,1,1,2024-04-27,0826,Aqua,MODIS,72,61.03,315,13.1,D,0
22.1587,83.1447,338.6,1.1,1,2024-04-27,0826,Aqua,MODIS,82,61.03,312.2,23.7,D,0
22.2661,83.1934,326.6,1.1,1,2024-04-27,0826,Aqua,MODIS,40,61.03,308,8.9,D,0
22.2647,83.1837,327.4,1.1,1,2024-04-27,0826,Aqua,MODIS,46,61.03,308.9,8.8,D,0
22.9318,82.0141,330.7,1,1,2024-04-27,0827,Aqua,MODIS,45,61.03,307.2,12.2,D,0
29.186,80.0859,329.4,1,1,2024-04-27,0828,Aqua,MODIS,76,61.03,306.5,17,D,0
28.719,79.7871,337.5,1,1,2024-04-27,0828,Aqua,MODIS,83,61.03,313.3,19.6,D,0
28.8407,79.9219,337.7,1,1,2024-04-27,0828,Aqua,MODIS,84,61.03,313.3,23.4,D,0
28.8393,79.9119,328,1,1,2024-04-27,0828,Aqua,MODIS,65,61.03,313.5,9.6,D,0
28.8599,79.8668,336.6,1,1,2024-04-27,0828,Aqua,MODIS,82,61.03,312.4,22.3,D,0
28.8437,79.6947,347.2,1,1,2024-04-27,0828,Aqua,MODIS,92,61.03,314.9,36.4,D,0
28.982,79.9512,333.5,1,1,2024-04-27,0828,Aqua,MODIS,74,61.03,314.5,10.9,D,0
28.8713,79.0815,327.1,1,1,2024-04-27,0828,Aqua,MODIS,63,61.03,312.6,6.6,D,0
29.1021,80.0145,324.1,1,1,2024-04-27,0828,Aqua,MODIS,42,61.03,308.6,9.5,D,0
29.0963,79.9743,320.6,1,1,2024-04-27,0828,Aqua,MODIS,43,61.03,306.6,6.8,D,0
29.1037,79.9625,321.2,1,1,2024-04-27,0828,Aqua,MODIS,49,61.03,306.5,7.2,D,0
29.0952,79.5867,326.5,1,1,2024-04-27,0828,Aqua,MODIS,65,61.03,310.8,10.5,D,0
29.1713,80.0472,319.2,1,1,2024-04-27,0828,Aqua,MODIS,37,61.03,304.7,6,D,0
29.1599,79.843,319.8,1,1,2024-04-27,0828,Aqua,MODIS,28,61.03,304.6,6.3,D,0
29.1818,79.9317,321.1,1,1,2024-04-27,0828,Aqua,MODIS,47,61.03,305.8,6.7,D,0
29.1687,79.8413,328.5,1,1,2024-04-27,0828,Aqua,MODIS,73,61.03,308.2,15.6,D,0
29.1672,79.8313,338.3,1,1,2024-04-27,0828,Aqua,MODIS,85,61.03,308.8,29.3,D,0
29.1775,79.8396,325.8,1,1,2024-04-27,0828,Aqua,MODIS,68,61.03,305.3,11.7,D,0
29.176,79.8296,346.8,1,1,2024-04-27,0828,Aqua,MODIS,92,61.03,310.6,43.9,D,0
29.2065,79.9616,323.4,1,1,2024-04-27,0828,Aqua,MODIS,64,61.03,303.9,10.9,D,0
29.1906,79.7272,322.8,1,1,2024-04-27,0828,Aqua,MODIS,51,61.03,305.8,8.6,D,0
29.2462,79.923,320.9,1,1,2024-04-27,0828,Aqua,MODIS,38,61.03,306.1,7.1,D,0
29.2433,79.9029,326.8,1,1,2024-04-27,0828,Aqua,MODIS,69,61.03,303.1,12.5,D,0
29.2667,79.9397,341.6,1,1,2024-04-27,0828,Aqua,MODIS,88,61.03,302.3,36.5,D,0
29.3081,79.9675,323.8,1,1,2024-04-27,0828,Aqua,MODIS,61,61.03,301,13.2,D,0
29.3009,79.545,326.3,1,1,2024-04-27,0828,Aqua,MODIS,61,61.03,310.4,12,D,0
29.3097,79.5434,331.2,1,1,2024-04-27,0828,Aqua,MODIS,77,61.03,309.3,17.2,D,0
29.3082,79.5332,326,1,1,2024-04-27,0828,Aqua,MODIS,50,61.03,309.6,11.4,D,0
29.3406,79.6928,319.9,1,1,2024-04-27,0828,Aqua,MODIS,17,61.03,301.1,9.1,D,0
29.3021,79.4307,323.8,1,1,2024-04-27,0828,Aqua,MODIS,35,61.03,307.1,9.2,D,0
29.3508,79.6842,339.7,1,1,2024-04-27,0828,Aqua,MODIS,82,61.03,303.4,37.3,D,0
29.2594,78.952,335.1,1,1,2024-04-27,0828,Aqua,MODIS,82,61.03,310.1,20.6,D,0
29.4079,79.3877,330.7,1,1,2024-04-27,0828,Aqua,MODIS,72,61.03,306.8,18.3,D,0
29.4033,79.3572,326.2,1,1,2024-04-27,0828,Aqua,MODIS,40,61.03,307.6,11.4,D,0
29.4018,79.3472,327.8,1,1,2024-04-27,0828,Aqua,MODIS,53,61.03,306.8,13.1,D,0
30.2753,78.8287,316,1,1,2024-04-27,0829,Aqua,MODIS,50,61.03,299.2,6.4,D,0
30.1875,78.5547,323.2,1,1,2024-04-27,0829,Aqua,MODIS,66,61.03,299.9,13.8,D,0
30.1985,78.6266,319.7,1,1,2024-04-27,0829,Aqua,MODIS,62,61.03,302.3,7.3,D,0
30.2026,78.7742,325.7,1,1,2024-04-27,0829,Aqua,MODIS,77,61.03,307.4,12.6,D,0
29.775,74.9318,329.5,1.5,1.2,2024-04-27,0829,Aqua,MODIS,63,61.03,310.9,15.2,D,0
30.3187,75.2959,327.7,1.4,1.2,2024-04-27,0829,Aqua,MODIS,69,61.03,309.7,14.3,D,0
30.3376,74.0908,327.3,1.6,1.3,2024-04-27,0829,Aqua,MODIS,70,61.03,307.5,21.5,D,0
30.5333,74.3831,335.4,1.6,1.2,2024-04-27,0829,Aqua,MODIS,83,61.03,308.2,39.2,D,0
30.4879,74.1433,334.4,1.6,1.3,2024-04-27,0829,Aqua,MODIS,82,61.03,308.5,37.7,D,0
30.1953,78.7864,326.8,1,1,2024-04-27,0829,Aqua,MODIS,78,61.03,306.7,14.1,D,0
30.1452,78.6377,316.4,1,1,2024-04-27,0829,Aqua,MODIS,23,61.03,300.6,5.3,D,0
30.1523,78.7434,319.4,1,1,2024-04-27,0829,Aqua,MODIS,66,61.03,297.7,9.3,D,0
30.1449,78.7551,316.1,1,1,2024-04-27,0829,Aqua,MODIS,47,61.03,300.3,6.3,D,0
30.0413,78.8094,317.8,1,1,2024-04-27,0829,Aqua,MODIS,61,61.03,302.8,6.9,D,0
29.8283,79.426,323.2,1,1,2024-04-27,0829,Aqua,MODIS,46,61.03,301.5,12.8,D,0
29.8432,79.5894,329.1,1,1,2024-04-27,0829,Aqua,MODIS,78,61.03,301.2,19.9,D,0
29.8447,79.5995,321.8,1,1,2024-04-27,0829,Aqua,MODIS,66,61.03,302,10.9,D,0
29.6662,80.0254,319.1,1,1,2024-04-27,0829,Aqua,MODIS,59,61.03,302.5,7.9,D,0
29.6229,79.6548,326.6,1,1,2024-04-27,0829,Aqua,MODIS,71,61.03,308,12.3,D,0
29.7087,78.9902,322.6,1,1,2024-04-27,0829,Aqua,MODIS,40,61.03,307.1,8.1,D,0
29.7651,79.7451,323.7,1,1,2024-04-27,0829,Aqua,MODIS,70,61.03,304.5,12.7,D,0
30.4848,74.127,328.7,1.6,1.3,2024-04-27,0829,Aqua,MODIS,74,61.03,308.6,22.8,D,0
30.2042,78.7845,332.7,1,1,2024-04-27,0829,Aqua,MODIS,84,61.03,307.1,21.4,D,0
21.7526,72.8354,301,1,1,2024-04-27,1648,Terra,MODIS,22,61.03,280.7,3.9,N,0
29.1988,79.7078,305.2,3.1,1.7,2024-04-27,1649,Terra,MODIS,63,61.03,292.1,27.6,N,0
29.1988,79.7131,304.5,3.1,1.7,2024-04-27,1649,Terra,MODIS,56,61.03,292.1,24.9,N,0
29.7134,75.5027,300,1.6,1.2,2024-04-27,1650,Terra,MODIS,11,61.03,289.7,5.8,N,0
23.6917,86.3924,305.8,1,1,2024-04-27,2034,Aqua,MODIS,66,61.03,294.3,4.9,N,2
23.7819,86.2104,312.7,1,1,2024-04-27,2034,Aqua,MODIS,83,61.03,300.9,9.2,N,2
23.6814,86.4005,310.5,1,1,2024-04-27,2034,Aqua,MODIS,78,61.03,298.5,7.8,N,2
21.9211,83.3546,309.4,1.2,1.1,2024-04-27,2035,Aqua,MODIS,75,61.03,297.2,9.2,N,2
20.7926,85.26,312.9,1,1,2024-04-27,2035,Aqua,MODIS,82,61.03,300.1,9,N,2
30.3368,78.7618,308.1,1,1,2024-04-28,0453,Terra,MODIS,41,61.03,292.5,6.4,D,0
30.7402,75.3897,323.6,1.3,1.1,2024-04-28,0453,Terra,MODIS,67,61.03,303.8,10.3,D,0
30.1993,78.8853,330.3,1,1,2024-04-28,0453,Terra,MODIS,84,61.03,296.1,24.5,D,0
30.3307,78.9892,318.8,1,1,2024-04-28,0453,Terra,MODIS,64,61.03,301.3,9.3,D,0
30.2527,79.1507,321.5,1,1,2024-04-28,0453,Terra,MODIS,76,61.03,295.4,15.6,D,0
27.6369,75.7933,335.6,1.1,1.1,2024-04-28,0454,Terra,MODIS,74,61.03,312.8,20.5,D,0
30.1455,78.7443,314.9,1,1,2024-04-28,0454,Terra,MODIS,40,61.03,299.6,6.4,D,0
29.7394,78.9321,336.5,1,1,2024-04-28,0454,Terra,MODIS,87,61.03,300.3,30.2,D,0
29.7245,79.0329,317.1,1,1,2024-04-28,0454,Terra,MODIS,63,61.03,302,5.5,D,0
30.1293,75.3814,338.6,1.2,1.1,2024-04-28,0454,Terra,MODIS,86,61.03,307.7,32.6,D,0
29.6605,78.9013,316.5,1,1,2024-04-28,0454,Terra,MODIS,58,61.03,298.3,8.3,D,0
29.4749,80.1207,320.1,1.1,1,2024-04-28,0454,Terra,MODIS,65,61.03,300.8,9.8,D,0
29.4732,80.1315,321.9,1.1,1,2024-04-28,0454,Terra,MODIS,70,61.03,300.1,11.9,D,0
29.4055,80.2096,319.6,1.1,1,2024-04-28,0454,Terra,MODIS,55,61.03,305.5,8.4,D,0
29.4853,79.2141,324.6,1,1,2024-04-28,0454,Terra,MODIS,71,61.03,299.7,14.8,D,0
29.4755,79.2065,339.9,1,1,2024-04-28,0454,Terra,MODIS,89,61.03,302.4,37.7,D,0
29.3468,79.6942,320,1,1,2024-04-28,0454,Terra,MODIS,56,61.03,297.3,12.4,D,0
29.3086,79.6385,318.9,1,1,2024-04-28,0454,Terra,MODIS,57,61.03,303.3,9.6,D,0
29.2327,79.6561,318.4,1,1,2024-04-28,0454,Terra,MODIS,45,61.03,304.4,6.7,D,0
29.2311,79.6664,323.3,1,1,2024-04-28,0454,Terra,MODIS,73,61.03,303.6,11.5,D,0
29.2022,79.7291,326,1,1,2024-04-28,0454,Terra,MODIS,75,61.03,304.9,16,D,0
29.2006,79.7393,335.2,1,1,2024-04-28,0454,Terra,MODIS,85,61.03,304,28.9,D,0
29.1846,79.8435,318.3,1,1,2024-04-28,0454,Terra,MODIS,53,61.03,303.3,7.6,D,0
29.1151,79.2749,327.3,1,1,2024-04-28,0454,Terra,MODIS,73,61.03,309.7,11.8,D,0
29.1136,79.2851,326.7,1,1,2024-04-28,0454,Terra,MODIS,67,61.03,309.5,11.2,D,0
29.0648,79.1761,324.9,1,1,2024-04-28,0454,Terra,MODIS,74,61.03,290.8,14.6,D,0
29.0556,79.2368,323.7,1,1,2024-04-28,0454,Terra,MODIS,53,61.03,305.7,9.6,D,0
28.9008,79.9428,326.3,1.1,1,2024-04-28,0454,Terra,MODIS,62,61.03,304.2,9.4,D,0
22.0649,72.6932,335.5,1.4,1.2,2024-04-28,0456,Terra,MODIS,77,61.03,311.6,24.2,D,0
22.067,72.701,331.9,1.4,1.2,2024-04-28,0456,Terra,MODIS,70,61.03,311.8,16.3,D,0
21.39,74.1039,345.8,1.1,1.1,2024-04-28,0456,Terra,MODIS,89,61.03,310.3,39.3,D,0
20.9887,73.5757,331.7,1.2,1.1,2024-04-28,0456,Terra,MODIS,70,61.03,309.4,17,D,0
20.8371,73.5538,330.4,1.2,1.1,2024-04-28,0456,Terra,MODIS,65,61.03,307.9,15.1,D,0
20.8321,73.5486,331.5,1.1,1,2024-04-28,0907,Aqua,MODIS,39,61.03,310.5,11.1,D,0
20.8335,73.5589,331.5,1.1,1,2024-04-28,0907,Aqua,MODIS,39,61.03,309.1,11.3,D,0
20.8229,73.5501,337.3,1.1,1,2024-04-28,0907,Aqua,MODIS,76,61.03,310.9,21.7,D,0
20.35,73.3834,335.8,1.1,1,2024-04-28,0907,Aqua,MODIS,72,61.03,313.8,13.1,D,0
20.3513,73.3934,334.1,1.1,1,2024-04-28,0907,Aqua,MODIS,67,61.03,313.7,10.3,D,0
21.7473,72.8326,341,1,1,2024-04-28,0907,Aqua,MODIS,81,61.03,316,18.2,D,0
23.8023,73.7601,356.6,1.2,1.1,2024-04-28,0908,Aqua,MODIS,97,61.03,321.1,62.8,D,0
24.2968,73.8618,335.4,1.2,1.1,2024-04-28,0908,Aqua,MODIS,71,61.03,317.4,16.9,D,0
24.0172,73.3628,334.4,1.1,1.1,2024-04-28,0908,Aqua,MODIS,68,61.03,319.3,11.3,D,0
24.0538,74.5381,339.5,1.3,1.1,2024-04-28,0908,Aqua,MODIS,79,61.03,321.1,20.4,D,0
23.4341,70.1356,342.3,1,1,2024-04-28,0908,Aqua,MODIS,83,61.03,320.7,19.9,D,0
23.807,73.7646,335.1,1.2,1.1,2024-04-28,0908,Aqua,MODIS,70,61.03,319.9,10.5,D,0
23.8038,73.7716,336.2,1.2,1.1,2024-04-28,0908,Aqua,MODIS,70,61.03,319.4,11,D,0
23.8288,74.0431,334.9,1.2,1.1,2024-04-28,0908,Aqua,MODIS,54,61.03,317.4,11,D,0
23.8303,74.055,340.6,1.2,1.1,2024-04-28,0908,Aqua,MODIS,76,61.03,319.6,22.7,D,0
23.2207,70.2518,334.8,1,1,2024-04-28,0908,Aqua,MODIS,69,61.03,319.2,9.3,D,0
23.2216,71.7111,340.3,1,1,2024-04-28,0908,Aqua,MODIS,80,61.03,324.6,14.2,D,0
23.0697,72.0069,337.1,1,1,2024-04-28,0908,Aqua,MODIS,57,61.03,324,12.3,D,0
23.3079,74.0188,340.8,1.2,1.1,2024-04-28,0908,Aqua,MODIS,81,61.03,317.8,25.1,D,0
22.0638,69.5197,337.2,1.1,1,2024-04-28,0908,Aqua,MODIS,75,61.03,321.1,14.8,D,0
22.5558,73.3193,334.7,1.1,1,2024-04-28,0908,Aqua,MODIS,63,61.03,315.9,13.7,D,0
29.1933,79.7331,322.5,3.6,1.8,2024-04-28,0909,Aqua,MODIS,66,61.03,302.3,65,D,0
29.3275,79.6662,320.7,3.6,1.8,2024-04-28,0909,Aqua,MODIS,63,61.03,300.6,66.7,D,0
29.3319,79.6712,323.9,3.6,1.8,2024-04-28,0909,Aqua,MODIS,69,61.03,300,82.3,D,0
20.9792,85.1366,311.4,1.1,1,2024-04-28,1549,Terra,MODIS,29,61.03,299.9,5.9,N,0
20.7857,85.2657,309.6,1.1,1,2024-04-28,1549,Terra,MODIS,59,61.03,299.5,5.7,N,2
20.9655,85.1703,315.7,1.1,1,2024-04-28,1549,Terra,MODIS,78,61.03,301,9.6,N,2
20.7395,84.8962,308.4,1.1,1.1,2024-04-28,1549,Terra,MODIS,59,61.03,297.8,5.2,N,0
20.7934,85.2541,316.8,1.1,1,2024-04-28,1549,Terra,MODIS,92,61.03,299.4,11.8,N,2
23.6807,86.3981,310.8,1,1,2024-04-28,1550,Terra,MODIS,67,61.03,300.5,6.8,N,2
23.6831,86.0933,317.5,1,1,2024-04-28,1550,Terra,MODIS,94,61.03,302.3,10.5,N,2
23.6818,86.0837,315.2,1,1,2024-04-28,1550,Terra,MODIS,89,61.03,301.8,8.5,N,2
23.7637,86.3979,318.8,1,1,2024-04-28,1550,Terra,MODIS,88,61.03,304.8,10.9,N,2
23.7712,86.3869,314.7,1,1,2024-04-28,1550,Terra,MODIS,34,61.03,304,6.9,N,2
23.7814,86.395,318.5,1,1,2024-04-28,1550,Terra,MODIS,96,61.03,304.4,10,N,2
23.78,86.3854,316.2,1,1,2024-04-28,1550,Terra,MODIS,69,61.03,303,7.8,N,2
30.1747,78.4379,303,1.9,1.3,2024-04-28,1552,Terra,MODIS,35,61.03,289.3,14.3,N,0
30.302,79.2386,312.3,1.6,1.3,2024-04-28,1552,Terra,MODIS,85,61.03,290.3,23.8,N,0
29.811,79.0388,300.7,1.7,1.3,2024-04-28,1552,Terra,MODIS,32,61.03,283.1,13.1,N,0
29.8399,79.8224,309.5,1.5,1.2,2024-04-28,1552,Terra,MODIS,78,61.03,289.7,17.5,N,0
30.2585,78.8175,311.4,1.8,1.3,2024-04-28,1552,Terra,MODIS,82,61.03,291.6,23.3,N,0
29.8374,79.8295,309.3,1.5,1.2,2024-04-28,1552,Terra,MODIS,77,61.03,290.1,16.6,N,0
29.7855,79.6634,305.7,1.6,1.2,2024-04-28,1552,Terra,MODIS,65,61.03,288.2,14.3,N,0
29.775,79.6679,305.8,1.6,1.2,2024-04-28,1552,Terra,MODIS,66,61.03,287.9,14.6,N,0
29.8916,80.3261,304.3,1.4,1.2,2024-04-28,1552,Terra,MODIS,60,61.03,291.4,10.5,N,0
29.7914,79.8217,303.9,1.6,1.2,2024-04-28,1552,Terra,MODIS,58,61.03,291.1,10.4,N,0
29.7945,79.8387,307.9,1.5,1.2,2024-04-28,1552,Terra,MODIS,73,61.03,290.4,15.2,N,0
29.7386,80.1083,308,1.5,1.2,2024-04-28,1552,Terra,MODIS,73,61.03,292,13.9,N,0
29.741,80.122,314.4,1.5,1.2,2024-04-28,1552,Terra,MODIS,89,61.03,292.1,22.1,N,0
29.7084,80.1529,307.1,1.5,1.2,2024-04-28,1552,Terra,MODIS,70,61.03,289.2,12.9,N,0
29.3248,79.9346,301.7,1.6,1.2,2024-04-28,1552,Terra,MODIS,43,61.03,289,10.3,N,0
29.2519,79.7965,307.4,1.6,1.2,2024-04-28,1552,Terra,MODIS,71,61.03,289.3,15.9,N,0
29.2547,79.8753,318.6,1.6,1.2,2024-04-28,1552,Terra,MODIS,97,61.03,292,32,N,0
29.1959,79.7371,309.3,1.6,1.2,2024-04-28,1552,Terra,MODIS,77,61.03,293.9,16.2,N,0
29.2143,79.9623,304.5,1.6,1.2,2024-04-28,1552,Terra,MODIS,60,61.03,290.1,11.4,N,0
29.2173,79.9784,316.6,1.6,1.2,2024-04-28,1552,Terra,MODIS,94,61.03,290.8,28.3,N,0
29.2121,79.968,317.2,1.6,1.2,2024-04-28,1552,Terra,MODIS,95,61.03,291.1,29.7,N,0
29.2149,79.9842,308.2,1.6,1.2,2024-04-28,1552,Terra,MODIS,74,61.03,289.5,16,N,0
30.2622,78.8376,300.3,1.8,1.3,2024-04-28,1552,Terra,MODIS,24,61.03,290.1,7.2,N,0
29.7056,79.5456,302.2,1.1,1,2024-04-28,2114,Aqua,MODIS,47,61.03,286.3,6.8,N,0
30.3101,79.2419,308.3,1,1,2024-04-28,2114,Aqua,MODIS,74,61.03,284.8,10.6,N,0
29.9187,79.373,309.1,1,1,2024-04-28,2114,Aqua,MODIS,76,61.03,282.4,11.9,N,0
29.9097,79.3713,300.1,1,1,2024-04-28,2114,Aqua,MODIS,11,61.03,283,6,N,0
29.7871,79.6683,304.9,1.1,1,2024-04-28,2114,Aqua,MODIS,62,61.03,286.9,9.1,N,0
29.6259,80.0894,301.3,1.1,1,2024-04-28,2114,Aqua,MODIS,39,61.03,289.3,6,N,0
29.6893,79.5312,306.3,1.1,1,2024-04-28,2114,Aqua,MODIS,68,61.03,287.9,9.5,N,0
29.6876,79.5417,311.5,1.1,1,2024-04-28,2114,Aqua,MODIS,83,61.03,288.1,13.5,N,0
29.6593,79.4855,307.4,1.1,1,2024-04-28,2114,Aqua,MODIS,71,61.03,287.1,10.8,N,0
29.3965,79.5608,301.5,1.1,1,2024-04-28,2114,Aqua,MODIS,42,61.03,288.1,6.3,N,0
29.3268,79.9418,300,1.1,1,2024-04-28,2114,Aqua,MODIS,7,61.03,288.7,5.2,N,0
29.325,79.9526,300.8,1.1,1,2024-04-28,2114,Aqua,MODIS,34,61.03,288,5.7,N,0
29.2571,80.0189,306.9,1.1,1,2024-04-28,2114,Aqua,MODIS,70,61.03,290.3,9.3,N,0
29.2191,79.9726,307.8,1.1,1,2024-04-28,2114,Aqua,MODIS,73,61.03,291.1,9.4,N,0
29.2173,79.9834,305.7,1.1,1,2024-04-28,2114,Aqua,MODIS,65,61.03,291.8,7.8,N,0
29.0525,79.9162,313.8,1.1,1,2024-04-28,2114,Aqua,MODIS,88,61.03,295.8,14.6,N,0
29.0507,79.9273,305.3,1.1,1,2024-04-28,2114,Aqua,MODIS,62,61.03,293.8,7.5,N,0
29.6432,75.5468,304.3,1.1,1.1,2024-04-28,2114,Aqua,MODIS,57,61.03,286,8.8,N,0
22.3647,73.6507,307.6,1.1,1.1,2024-04-28,2116,Aqua,MODIS,71,61.03,294.3,7.3,N,0
23.7348,86.0732,330.9,1.8,1.3,2024-04-29,0357,Terra,MODIS,71,61.03,313.6,25.9,D,0
28.6788,76.8282,328.4,2.8,1.6,2024-04-29,0534,Terra,MODIS,74,61.03,302.9,55.6,D,0
29.4755,80.2083,311.5,4.6,2,2024-04-29,0534,Terra,MODIS,35,61.03,295,63,D,0
29.4733,80.203,313.9,4.6,2,2024-04-29,0534,Terra,MODIS,59,61.03,295.5,78.2,D,0
20.7915,85.2542,332.5,1,1,2024-04-29,0810,Aqua,MODIS,73,61.03,312.1,13,D,2
20.7435,84.8781,327.1,1,1,2024-04-29,0810,Aqua,MODIS,55,61.03,308.1,9.5,D,0
20.8156,85.1716,328.4,1,1,2024-04-29,0810,Aqua,MODIS,62,61.03,309,9,D,0
20.9639,85.1729,334.7,1,1,2024-04-29,0810,Aqua,MODIS,30,61.03,314.5,12,D,2
20.9333,84.9713,328.1,1,1,2024-04-29,0810,Aqua,MODIS,45,61.03,309.8,7.7,D,0
21.0492,85.1223,331.4,1,1,2024-04-29,0810,Aqua,MODIS,56,61.03,308.4,13.8,D,0
21.0911,85.3401,329.9,1,1,2024-04-29,0810,Aqua,MODIS,65,61.03,311.7,8.8,D,0
21.1258,85.207,330.7,1,1,2024-04-29,0810,Aqua,MODIS,69,61.03,312.5,9.3,D,0
21.2176,85.1462,332.5,1,1,2024-04-29,0810,Aqua,MODIS,73,61.03,313.4,10.6,D,0
22.1529,83.1377,328.9,1.2,1.1,2024-04-29,0810,Aqua,MODIS,60,61.03,309.5,13.7,D,0
23.2421,83.5796,329.6,1.1,1,2024-04-29,0810,Aqua,MODIS,53,61.03,313.4,9.5,D,0
23.838,87.4369,337.9,1.1,1,2024-04-29,0810,Aqua,MODIS,81,61.03,317,21.4,D,0
23.8366,87.4263,342.9,1.1,1,2024-04-29,0810,Aqua,MODIS,82,61.03,317.3,31.5,D,0
23.186,82.9869,326.6,1.2,1.1,2024-04-29,0810,Aqua,MODIS,46,61.03,310.6,5.8,D,0
23.6815,86.0923,331.4,1,1,2024-04-29,0810,Aqua,MODIS,41,61.03,314.1,7.5,D,2
23.6917,85.9713,336.6,1,1,2024-04-29,0810,Aqua,MODIS,56,61.03,317.5,14.4,D,0
30.203,78.6678,320.4,1.6,1.2,2024-04-29,0812,Aqua,MODIS,69,61.03,284.7,29,D,0
29.1238,76.4872,349.3,2.3,1.5,2024-04-29,0812,Aqua,MODIS,94,61.03,301.7,161.3,D,0
29.8399,78.8378,323.8,1.5,1.2,2024-04-29,0812,Aqua,MODIS,77,61.03,292,30,D,0
29.1474,80.087,324.5,1.3,1.1,2024-04-29,0812,Aqua,MODIS,78,61.03,292.4,25.4,D,0
29.2109,79.9832,312.6,1.3,1.2,2024-04-29,0812,Aqua,MODIS,50,61.03,284.3,14,D,0
29.1793,79.747,319.1,1.4,1.2,2024-04-29,0812,Aqua,MODIS,30,61.03,294.9,16,D,0
29.2509,79.8025,317.4,1.4,1.2,2024-04-29,0812,Aqua,MODIS,36,61.03,293.5,13.3,D,0
29.5479,79.5508,321.2,1.4,1.2,2024-04-29,0812,Aqua,MODIS,58,61.03,301.1,16.4,D,0
21.1072,72.6325,310.2,1.4,1.2,2024-04-29,1630,Terra,MODIS,71,61.03,299.5,10.3,N,2
21.1095,72.6459,312.1,1.4,1.2,2024-04-29,1630,Terra,MODIS,78,61.03,300.2,12.4,N,2
29.2099,79.6843,304.3,1.5,1.2,2024-04-29,1632,Terra,MODIS,57,61.03,292.6,8.1,N,0
23.7678,86.4051,312.6,1.5,1.2,2024-04-29,2018,Aqua,MODIS,14,61.03,302,12.6,N,2
23.7832,86.3997,312.4,1.5,1.2,2024-04-29,2018,Aqua,MODIS,39,61.03,300.7,12,N,2
23.6808,86.0906,308,1.6,1.2,2024-04-29,2018,Aqua,MODIS,69,61.03,297.5,10.9,N,2
29.7069,80.1832,317.2,1.2,1.1,2024-04-30,0436,Terra,MODIS,56,61.03,300.6,8.3,D,0
29.9468,78.4748,321.7,1.4,1.2,2024-04-30,0436,Terra,MODIS,67,61.03,306.2,12.8,D,0
29.9602,78.3542,321.8,1.5,1.2,2024-04-30,0436,Terra,MODIS,67,61.03,307.8,12.5,D,0
30.1658,78.4391,317.4,1.5,1.2,2024-04-30,0436,Terra,MODIS,41,61.03,303.8,7.5,D,0
29.8301,80.0052,314.6,1.2,1.1,2024-04-30,0436,Terra,MODIS,26,61.03,301.6,6,D,0
30.1727,78.5282,329.9,1.4,1.2,2024-04-30,0436,Terra,MODIS,80,61.03,301.1,31.4,D,0
30.2151,79.6882,313.9,1.2,1.1,2024-04-30,0436,Terra,MODIS,42,61.03,295.9,9.6,D,0
29.0783,79.1306,325.4,1.3,1.1,2024-04-30,0436,Terra,MODIS,59,61.03,309.3,11.7,D,0
29.1248,78.991,324.3,1.3,1.1,2024-04-30,0436,Terra,MODIS,62,61.03,309.3,13.2,D,0
29.1227,79.268,325.2,1.3,1.1,2024-04-30,0436,Terra,MODIS,43,61.03,309.4,11.3,D,0
29.1447,79.8438,320.3,1.2,1.1,2024-04-30,0436,Terra,MODIS,52,61.03,306.6,10.3,D,0
29.2639,78.9364,323.8,1.3,1.1,2024-04-30,0436,Terra,MODIS,63,61.03,306.4,13.9,D,0
29.0282,79.2084,325.4,1.3,1.1,2024-04-30,0437,Terra,MODIS,66,61.03,308,15.4,D,0
28.8505,79.9933,324.6,1.2,1.1,2024-04-30,0437,Terra,MODIS,56,61.03,308.2,13.4,D,0
28.8491,80.0049,321.1,1.2,1.1,2024-04-30,0437,Terra,MODIS,18,61.03,307.5,8.8,D,0
28.8512,79.9101,358.3,1.2,1.1,2024-04-30,0437,Terra,MODIS,99,61.03,313,83.5,D,0
28.7743,79.7109,326.4,1.2,1.1,2024-04-30,0437,Terra,MODIS,62,61.03,311.4,9.4,D,0
28.7629,79.562,326.5,1.2,1.1,2024-04-30,0437,Terra,MODIS,67,61.03,312.1,10.3,D,0
28.7441,79.7185,328.4,1.2,1.1,2024-04-30,0437,Terra,MODIS,57,61.03,313.2,10.7,D,0
23.7405,86.9325,324.2,1.8,1.3,2024-04-30,0438,Terra,MODIS,61,61.03,309.8,14.9,D,0
23.7471,86.3664,327.5,1.6,1.2,2024-04-30,0438,Terra,MODIS,61,61.03,310.8,16.1,D,2
24.251,82.3923,342,1,1,2024-04-30,0438,Terra,MODIS,84,61.03,315,25.4,D,0
24.2496,82.402,332.2,1,1,2024-04-30,0438,Terra,MODIS,66,61.03,314.5,10.3,D,0
23.1144,74.4174,335.2,1,1,2024-04-30,0851,Aqua,MODIS,70,61.03,323.3,8,D,0
21.3316,73.993,338.7,1.1,1,2024-04-30,0851,Aqua,MODIS,78,61.03,324.6,13.1,D,0
21.3549,73.9729,337.5,1.1,1,2024-04-30,0851,Aqua,MODIS,70,61.03,323.2,10.8,D,0
21.5127,70.1161,335.6,1.8,1.3,2024-04-30,0851,Aqua,MODIS,63,61.03,320.3,26,D,0
24.4755,82.3056,334.3,2.4,1.5,2024-04-30,0852,Aqua,MODIS,71,61.03,313.9,47.1,D,0
23.7275,74.4332,335.6,1,1,2024-04-30,0852,Aqua,MODIS,71,61.03,320.7,11.3,D,0
24.4011,73.8194,333.2,1,1,2024-04-30,0852,Aqua,MODIS,63,61.03,320.1,10.7,D,0
24.6481,74.5512,337.1,1,1,2024-04-30,0852,Aqua,MODIS,75,61.03,320.5,14.5,D,0
24.5523,73.7794,332,1,1,2024-04-30,0852,Aqua,MODIS,49,61.03,316.3,10.9,D,0
24.5369,73.201,337.7,1.1,1,2024-04-30,0852,Aqua,MODIS,77,61.03,319.7,19.6,D,0
24.5436,73.1942,330.4,1.1,1,2024-04-30,0852,Aqua,MODIS,41,61.03,317.8,8.3,D,0
30.216,78.6138,334.3,1.6,1.2,2024-04-30,0853,Aqua,MODIS,81,61.03,311.3,38.7,D,0
30.9344,77.1616,325.4,1.3,1.1,2024-04-30,0853,Aqua,MODIS,71,61.03,303.5,22.4,D,0
30.5621,74.5001,328.4,1,1,2024-04-30,0853,Aqua,MODIS,67,61.03,313.2,8.4,D,0
30.3969,73.9107,327.5,1,1,2024-04-30,0853,Aqua,MODIS,61,61.03,309.2,10.3,D,0
30.4868,75.1055,337.8,1.1,1,2024-04-30,0853,Aqua,MODIS,81,61.03,314.5,22.7,D,0
30.4657,75.087,328.3,1.1,1,2024-04-30,0853,Aqua,MODIS,62,61.03,314.1,8.5,D,0
30.2965,73.9775,327.4,1,1,2024-04-30,0853,Aqua,MODIS,56,61.03,309.9,7.4,D,0
30.4109,75.3046,338.6,1.1,1,2024-04-30,0853,Aqua,MODIS,82,61.03,315.2,24,D,0
30.2774,76.1122,335.6,1.2,1.1,2024-04-30,0853,Aqua,MODIS,78,61.03,317.3,19.9,D,0
30.0204,74.6472,331.4,1,1,2024-04-30,0853,Aqua,MODIS,67,61.03,317.2,11,D,0
30.0219,74.6576,330.2,1,1,2024-04-30,0853,Aqua,MODIS,63,61.03,315.6,9.3,D,0
30.0287,74.7814,337.1,1,1,2024-04-30,0853,Aqua,MODIS,78,61.03,314.5,19.3,D,0
30.0301,74.7919,338.1,1,1,2024-04-30,0853,Aqua,MODIS,80,61.03,313.8,21,D,0
30.0902,76.084,331.8,1.1,1.1,2024-04-30,0853,Aqua,MODIS,71,61.03,318.4,11.6,D,0
30.1635,77.0922,328,1.3,1.1,2024-04-30,0853,Aqua,MODIS,68,61.03,313.2,12.7,D,0
29.9726,75.8868,337,1.1,1.1,2024-04-30,0853,Aqua,MODIS,79,61.03,318.6,19.1,D,0
29.974,75.8982,335,1.1,1.1,2024-04-30,0853,Aqua,MODIS,76,61.03,317.1,15.8,D,0
29.9647,75.8998,332.5,1.1,1.1,2024-04-30,0853,Aqua,MODIS,26,61.03,317.8,10.7,D,0
30.2163,78.608,326.8,1.6,1.2,2024-04-30,0853,Aqua,MODIS,67,61.03,310.6,21.6,D,0
28.8605,79.6883,338.2,1.8,1.3,2024-04-30,0853,Aqua,MODIS,84,61.03,316.4,49.5,D,0
28.5327,76.8365,333.6,1.2,1.1,2024-04-30,0853,Aqua,MODIS,42,61.03,317.8,11.6,D,0
28.8703,79.6687,332.9,1.8,1.3,2024-04-30,0853,Aqua,MODIS,78,61.03,314.5,33.1,D,0
28.5424,76.8349,337.5,1.2,1.1,2024-04-30,0853,Aqua,MODIS,76,61.03,319.8,19.7,D,0
28.8673,79.682,330.7,1.8,1.3,2024-04-30,0853,Aqua,MODIS,53,61.03,315,25.1,D,0
28.7989,76.5752,331.1,1.2,1.1,2024-04-30,0853,Aqua,MODIS,55,61.03,316.1,10.7,D,0
29.0297,77.1544,327.2,1.3,1.1,2024-04-30,0853,Aqua,MODIS,21,61.03,313.4,7.9,D,0
29.0818,76.1798,332.8,1.1,1.1,2024-04-30,0853,Aqua,MODIS,65,61.03,315.9,14.3,D,0
29.5871,80.0323,331,1.9,1.4,2024-04-30,0853,Aqua,MODIS,76,61.03,313,34.9,D,0
29.5852,80.0124,330.2,1.9,1.4,2024-04-30,0853,Aqua,MODIS,74,61.03,316,30.5,D,0
29.5136,79.2992,359.8,1.7,1.3,2024-04-30,0853,Aqua,MODIS,99,61.03,302.6,170.4,D,0
29.5122,79.2855,341.3,1.7,1.3,2024-04-30,0853,Aqua,MODIS,88,61.03,306.1,79.2,D,0
29.703,80.1725,325,2,1.4,2024-04-30,0853,Aqua,MODIS,65,61.03,307,31.4,D,0
29.736,79.8195,323.4,1.9,1.3,2024-04-30,0853,Aqua,MODIS,43,61.03,309.7,17,D,0
29.7879,79.6211,324.4,1.8,1.3,2024-04-30,0853,Aqua,MODIS,54,61.03,306.6,23.6,D,0
29.8311,79.9986,317.1,2,1.4,2024-04-30,0853,Aqua,MODIS,19,61.03,303.7,14.2,D,0
29.7876,79.4305,324.8,1.8,1.3,2024-04-30,0853,Aqua,MODIS,56,61.03,309.1,24.5,D,0
29.4962,76.7132,331.8,1.2,1.1,2024-04-30,0853,Aqua,MODIS,69,61.03,315.7,13.9,D,0
29.7987,78.9824,326.3,1.7,1.3,2024-04-30,0853,Aqua,MODIS,65,61.03,303.5,30.2,D,0
29.799,78.976,327.2,1.7,1.3,2024-04-30,0853,Aqua,MODIS,58,61.03,303.9,30,D,0
29.8742,79.378,323.7,1.8,1.3,2024-04-30,0853,Aqua,MODIS,63,61.03,309.1,19.9,D,0
29.8074,78.7298,322.5,1.6,1.2,2024-04-30,0853,Aqua,MODIS,47,61.03,307.8,12.7,D,0
29.5648,76.0971,332.7,1.1,1.1,2024-04-30,0853,Aqua,MODIS,70,61.03,314.1,15.2,D,0
29.9624,79.3583,326.1,1.8,1.3,2024-04-30,0853,Aqua,MODIS,63,61.03,307.7,28.1,D,0
29.9012,78.7615,328.7,1.6,1.2,2024-04-30,0853,Aqua,MODIS,74,61.03,310,26.3,D,0
29.9738,79.3553,324.9,1.8,1.3,2024-04-30,0853,Aqua,MODIS,46,61.03,303.7,26.4,D,0
29.9402,78.4692,323.3,1.5,1.2,2024-04-30,0853,Aqua,MODIS,60,61.03,308.9,14.6,D,0
29.9812,78.5427,322.3,1.6,1.2,2024-04-30,0853,Aqua,MODIS,38,61.03,306,12.9,D,0
29.983,78.3566,325.5,1.5,1.2,2024-04-30,0853,Aqua,MODIS,66,61.03,310.5,16.1,D,0
30.0511,78.7742,323.7,1.6,1.3,2024-04-30,0853,Aqua,MODIS,41,61.03,308.3,15.8,D,0
30.1005,78.8157,320.5,1.6,1.3,2024-04-30,0853,Aqua,MODIS,28,61.03,307.7,12.7,D,0
30.1195,78.5455,326.6,1.6,1.2,2024-04-30,0853,Aqua,MODIS,64,61.03,311,18.7,D,0
30.1358,78.5953,327.1,1.6,1.2,2024-04-30,0853,Aqua,MODIS,60,61.03,312.6,17.1,D,0
30.1895,78.7864,328.8,1.6,1.3,2024-04-30,0853,Aqua,MODIS,75,61.03,314.1,24.6,D,0
30.2589,79.348,326.5,1.8,1.3,2024-04-30,0853,Aqua,MODIS,73,61.03,301.8,37.3,D,0
30.1718,78.515,324.7,1.6,1.2,2024-04-30,0853,Aqua,MODIS,61,61.03,302.6,21.5,D,0
30.1848,78.532,331,1.6,1.2,2024-04-30,0853,Aqua,MODIS,77,61.03,303.3,35.6,D,0
30.1828,78.5143,342.2,1.6,1.2,2024-04-30,0853,Aqua,MODIS,88,61.03,304.3,69.1,D,0
30.9135,74.4429,324,1,1,2024-04-30,0854,Aqua,MODIS,53,61.03,309.7,7.2,D,0
30.7424,74.6127,330.6,1,1,2024-04-30,0854,Aqua,MODIS,69,61.03,314.7,9.9,D,0
30.9221,75.2625,326.5,1.1,1,2024-04-30,0854,Aqua,MODIS,64,61.03,313,9.3,D,0
31.1869,75.4748,319.1,1.1,1.1,2024-04-30,0854,Aqua,MODIS,28,61.03,306.8,7.2,D,0
31.2761,75.5229,341.5,1.1,1.1,2024-04-30,0854,Aqua,MODIS,88,61.03,310.8,37.9,D,0
31.3212,75.5033,338.3,1.1,1.1,2024-04-30,0854,Aqua,MODIS,86,61.03,312,31,D,0
23.7823,86.3904,315.1,1.4,1.2,2024-04-30,1533,Terra,MODIS,80,61.03,302.9,11.7,N,2
23.7719,86.3925,315.2,1.4,1.2,2024-04-30,1533,Terra,MODIS,53,61.03,304.8,11.6,N,2
23.7615,86.3946,316.3,1.4,1.2,2024-04-30,1533,Terra,MODIS,50,61.03,304.8,13.6,N,2
29.9885,79.8927,300.9,3,1.6,2024-04-30,1535,Terra,MODIS,34,61.03,287.4,23.7,N,0
21.1063,72.6428,317,2,1.4,2024-04-30,1710,Terra,MODIS,93,61.03,300.1,32.1,N,2
29.7968,78.9781,305.9,1.2,1.1,2024-04-30,2057,Aqua,MODIS,66,61.03,285.6,12,N,0
29.8354,79.6905,303.8,1.1,1.1,2024-04-30,2057,Aqua,MODIS,57,61.03,285.6,9.1,N,0
29.3282,79.5488,300.9,1.1,1.1,2024-04-30,2058,Aqua,MODIS,35,61.03,289.3,5.7,N,0
29.1246,80.0551,305.1,1.1,1,2024-04-30,2058,Aqua,MODIS,54,61.03,294.7,5.6,N,0
29.1232,80.0654,310.4,1.1,1,2024-04-30,2058,Aqua,MODIS,80,61.03,296,9.6,N,0
29.3263,79.71,305.5,1.1,1.1,2024-04-30,2058,Aqua,MODIS,65,61.03,287.2,10.2,N,0
29.1554,79.8259,310.4,1.1,1,2024-04-30,2058,Aqua,MODIS,80,61.03,292.8,11.8,N,0
24.4633,73.836,305.3,2.2,1.4,2024-04-30,2059,Aqua,MODIS,64,61.03,294.6,18.3,N,0
23.7807,86.3985,311.5,1.8,1.3,2024-04-30,2059,Aqua,MODIS,63,61.03,300.9,15.2,N,2
20.982,85.1413,308.2,1.7,1.3,2024-04-30,2100,Aqua,MODIS,41,61.03,298.2,10.1,N,0
