latitude,longitude,brightness,scan,track,acq_date,acq_time,satellite,confidence,version,bright_t31,frp,daynight
7.80289,100.18657,310.9,1.21,1.09,2026-09-07,0154,T,52,6.1NRT,291.23,6.82,D
31.40658,90.01348,307.02,1.91,1.35,2026-09-07,0325,T,65,6.1NRT,288.11,17.61,D
30.92881,88.7093,303.27,1.61,1.25,2026-09-07,0325,T,50,6.1NRT,286.75,8.32,D
23.68986,87.11395,311.48,1.74,1.29,2026-09-07,0328,T,62,6.1NRT,293.63,10.43,D
23.77539,86.20834,312.22,1.5,1.21,2026-09-07,0328,T,64,6.1NRT,290.85,10.33,D
21.9201,83.34914,310.2,1.11,1.05,2026-09-07,0330,T,59,6.1NRT,293.6,5.93,D
21.75021,83.84979,314.03,1.17,1.08,2026-09-07,0330,T,22,6.1NRT,293.98,8.21,D
21.7425,83.83708,313.92,1.17,1.08,2026-09-07,0330,T,43,6.1NRT,294.51,8.57,D
21.74078,83.84806,315.46,1.17,1.08,2026-09-07,0330,T,58,6.1NRT,294.07,10.08,D
20.96167,86.01485,318.2,1.64,1.26,2026-09-07,0330,T,62,6.1NRT,293.89,18.65,D
21.17738,81.38741,311.5,1,1,2026-09-07,0330,T,0,6.1NRT,295.21,4.67,D
19.09529,82.164,309.48,1.06,1.03,2026-09-07,0330,T,56,6.1NRT,294.59,5.11,D
17.35195,82.43413,310.7,1.13,1.06,2026-09-07,0330,T,60,6.1NRT,295.73,5.03,D
15.29755,79.90918,320.07,1,1,2026-09-07,0330,T,58,6.1NRT,299.85,6.22,D
15.29626,79.91824,322.86,1,1,2026-09-07,0330,T,71,6.1NRT,299.68,9.75,D
14.82669,79.66084,321.25,1,1,2026-09-07,0330,T,68,6.1NRT,301.78,6.92,D
12.51929,79.08004,308.89,1,1,2026-09-07,0330,T,52,6.1NRT,282.97,7.1,D
10.93267,78.49494,326.08,1,1,2026-09-07,0332,T,78,6.1NRT,297.86,14.41,D
9.38185,80.52717,318.1,1.11,1.05,2026-09-07,0332,T,69,6.1NRT,297.04,8.64,D
9.23806,80.68237,320.12,1.14,1.06,2026-09-07,0332,T,49,6.1NRT,297.84,11.6,D
8.44509,81.10971,315.47,1.22,1.1,2026-09-07,0332,T,44,6.1NRT,298.58,6.9,D
8.32838,81.00977,317.55,1.21,1.09,2026-09-07,0332,T,58,6.1NRT,299.98,7.35,D
6.77669,81.1576,317.99,1.29,1.13,2026-09-07,0332,T,59,6.1NRT,296.58,12.9,D
6.63657,81.27248,316.67,1.32,1.14,2026-09-07,0332,T,64,6.1NRT,292.76,12.9,D
39.02718,88.28527,313.86,1.12,1.05,2026-09-07,0323,T,62,6.1NRT,294.76,7.34,D
25.50033,54.30146,314.45,1.24,1.11,2026-09-07,0506,T,61,6.1NRT,303.26,8.37,D
37.61021,61.60711,317.42,1.02,1.01,2026-09-07,0501,T,41,6.1NRT,305.14,6.35,D
25.49887,54.31348,316.82,1.24,1.11,2026-09-07,0506,T,67,6.1NRT,303.31,11.12,D
29.99187,55.85668,324.27,1.16,1.07,2026-09-07,0504,T,68,6.1NRT,306.21,15.32,D
14.02531,100.14076,318.41,1,1,2026-09-07,0852,A,71,6.1NRT,296.17,8.74,D
27.87733,96.90741,319.15,1,1,2026-09-07,0854,A,79,6.1NRT,295.66,13.54,D
14.10993,100.21337,314.48,1,1,2026-09-07,0852,A,64,6.1NRT,295.69,5.52,D
34.80725,88.65161,300.88,1.75,1.3,2026-09-07,0856,A,30,6.1NRT,283.92,7.86,D
14.18367,100.41312,323,1.01,1,2026-09-07,0852,A,77,6.1NRT,296.3,13.01,D
34.80361,88.6337,301.89,1.76,1.3,2026-09-07,0856,A,48,6.1NRT,283.22,9.32,D
14.87401,100.13707,311.7,1,1,2026-09-07,0852,A,63,6.1NRT,291.84,5.99,D
14.88668,100.16273,312.45,1.01,1,2026-09-07,0852,A,64,6.1NRT,293.42,5.21,D
14.99582,100.58468,312.11,1.02,1.01,2026-09-07,0852,A,61,6.1NRT,291.14,5.57,D
17.02657,99.93049,325,1.01,1.01,2026-09-07,0852,A,79,6.1NRT,296.33,15.13,D
17.05645,100.07642,317.14,1.02,1.01,2026-09-07,0852,A,55,6.1NRT,297.04,6.09,D
19.42998,99.47514,310.55,1.02,1.01,2026-09-07,0852,A,66,6.1NRT,294.01,5.09,D
8.31406,99.98354,314.17,1.04,1.02,2026-09-07,0850,A,52,6.1NRT,297.68,6.75,D
7.76996,80.48096,316.69,1.43,1.18,2026-09-07,1026,A,42,6.1NRT,293.53,13.29,D
7.769,80.48697,321.84,1.43,1.18,2026-09-07,1026,A,69,6.1NRT,294.21,21.07,D
8.30066,81.02924,321.21,1.6,1.24,2026-09-07,1026,A,66,6.1NRT,296.55,19.15,D
9.54162,77.89803,331.99,1.07,1.03,2026-09-07,1028,A,46,6.1NRT,310.19,13.66,D
10.94659,78.78937,325.45,1.23,1.1,2026-09-07,1028,A,42,6.1NRT,304.3,15.99,D
14.62007,79.26971,322.18,1.48,1.2,2026-09-07,1028,A,45,6.1NRT,303.42,12.88,D
14.64966,75.64705,342.25,1.01,1,2026-09-07,1030,A,91,6.1NRT,300.3,38.52,D
14.64835,75.63805,319.01,1.01,1,2026-09-07,1030,A,69,6.1NRT,301.84,7.59,D
18.56978,72.24012,322.86,1.11,1.05,2026-09-07,1032,A,76,6.1NRT,295.17,18.84,D
23.17666,68.86337,319.32,1.46,1.2,2026-09-07,1032,A,71,6.1NRT,298.41,20.43,D
30.61854,72.13635,320.4,1.02,1.01,2026-09-07,1034,A,65,6.1NRT,303.15,8.76,D
31.25893,74.13979,317.76,1.2,1.09,2026-09-07,1034,A,67,6.1NRT,302.2,8.39,D
31.32938,72.21304,326.94,1.03,1.01,2026-09-07,1034,A,75,6.1NRT,300.03,17.2,D
38.04907,67.27148,324.68,1.06,1.03,2026-09-07,1036,A,65,6.1NRT,314.25,7.92,D
38.04717,67.25993,334.53,1.06,1.03,2026-09-07,1036,A,81,6.1NRT,315.71,21.47,D
25.54453,91.23573,300.78,1.01,1,2026-09-07,1422,T,33,6.1NRT,289.13,4.23,N
38.05596,67.2635,306.33,1.37,1.16,2026-09-07,1605,T,68,6.1NRT,291.72,11.39,N
37.5002,61.84568,304.5,1.02,1.01,2026-09-07,1605,T,60,6.1NRT,293.75,5.48,N
37.61158,61.60319,304.71,1.03,1.02,2026-09-07,1605,T,61,6.1NRT,293.03,5.63,N
29.91898,74.9566,306.65,1.72,1.29,2026-09-07,2237,A,67,6.1NRT,294.48,11.78,N
29.90771,74.95505,307.34,1.72,1.29,2026-09-07,2237,A,70,6.1NRT,293.91,12.74,N
22.36208,82.30398,305.64,1.34,1.15,2026-09-07,2240,A,65,6.1NRT,290.62,7.62,N
21.75527,83.84705,315.34,1.75,1.3,2026-09-07,2240,A,91,6.1NRT,291.6,25.58,N
21.74409,83.84461,304.79,1.75,1.3,2026-09-07,2240,A,62,6.1NRT,291.45,9.13,N
30.08282,55.40642,300.35,1.01,1,2026-09-08,0016,A,26,6.1NRT,287.61,6.32,N
29.98843,55.86109,303,1,1,2026-09-08,0016,A,53,6.1NRT,288.36,6.79,N
27.1617,56.10176,312.55,1.02,1.01,2026-09-08,0018,A,68,6.1NRT,300.43,7.88,N
24.51564,54.01789,308.89,1.01,1,2026-09-08,0018,A,63,6.1NRT,294.2,4.89,N
23.31522,54.17725,314.94,1,1,2026-09-08,0018,A,89,6.1NRT,300.23,10.08,N
18.01916,54.57292,312.27,1.07,1.03,2026-09-08,0020,A,84,6.1NRT,295.84,10.14,N
37.03702,62.4266,306.29,1.37,1.16,2026-09-08,0011,A,67,6.1NRT,289.23,14.61,N
26.53149,101.70199,312.38,1.48,1.2,2026-09-08,0226,T,43,6.1NRT,294.53,10.17,D
26.49257,101.45492,307.64,1.43,1.18,2026-09-08,0226,T,64,6.1NRT,292.27,6.92,D
29.90406,80.18006,302.17,2.05,1.39,2026-09-08,0404,T,33,6.1NRT,283.79,7.75,D
28.16673,77.89922,309.59,1.57,1.23,2026-09-08,0404,T,47,6.1NRT,295.75,8.27,D
24.81408,79.4015,309.6,2.34,1.48,2026-09-08,0406,T,47,6.1NRT,292.61,13.85,D
22.54952,71.63548,313.63,1,1,2026-09-08,0406,T,60,6.1NRT,298.57,5.27,D
38.38694,77.45096,307.3,1.05,1.03,2026-09-08,0402,T,20,6.1NRT,292.68,4.44,D
20.5178,79.11936,311.21,2.76,1.59,2026-09-08,0406,T,56,6.1NRT,290.9,22.12,D
19.41606,79.21944,310.72,2.97,1.64,2026-09-08,0406,T,56,6.1NRT,291.62,22.66,D
18.77574,79.99059,311.21,3.51,1.76,2026-09-08,0406,T,0,6.1NRT,292.68,30.31,D
37.1093,58.5233,311.25,2.18,1.43,2026-09-08,0542,T,25,6.1NRT,292.19,10.6,D
37.09705,58.51929,311.1,2.18,1.43,2026-09-08,0542,T,8,6.1NRT,292.71,9.56,D
39.31875,77.69798,318.28,1.67,1.27,2026-09-08,0937,A,72,6.1NRT,296.33,24.14,D
27.66029,54.14191,325.29,2.75,1.59,2026-09-08,1113,A,61,6.1NRT,308.97,29.02,D
27.75242,54.00138,324.98,2.8,1.6,2026-09-08,1113,A,46,6.1NRT,308.01,32.39,D
26.57361,101.67426,307.64,1.32,1.14,2026-09-08,1325,T,23,6.1NRT,293.66,7.4,N
26.57151,101.66129,313.95,1.32,1.14,2026-09-08,1325,T,88,6.1NRT,293.53,14.72,N
26.57325,101.66747,324.94,1.32,1.14,2026-09-08,1325,T,100,6.1NRT,293.99,30.24,N
26.57125,101.65552,308.1,1.32,1.14,2026-09-08,1325,T,45,6.1NRT,292.82,8.38,N
26.58315,101.66552,313.87,1.32,1.14,2026-09-08,1325,T,88,6.1NRT,293.07,14.89,N
39.07718,56.45127,342.25,1.14,1.06,2026-09-08,1115,A,69,6.1NRT,293.84,49.43,D
22.35891,82.30371,302.02,1.01,1,2026-09-08,1459,T,46,6.1NRT,281.13,4.13,N
18.01146,54.56953,313.74,1.32,1.14,2026-09-08,1639,T,84,6.1NRT,297.39,14.15,N
21.93719,57.07278,314.52,1,1,2026-09-08,1639,T,80,6.1NRT,301.09,7.51,N
23.30684,54.18251,319.27,1.17,1.08,2026-09-08,1639,T,97,6.1NRT,303.2,13.84,N
23.30513,54.17147,315.36,1.17,1.08,2026-09-08,1639,T,82,6.1NRT,303.27,9.34,N
23.31623,54.18076,314.41,1.17,1.08,2026-09-08,1639,T,77,6.1NRT,302.71,8.59,N
23.31453,54.16971,313.68,1.17,1.08,2026-09-08,1639,T,73,6.1NRT,303.2,7.78,N
24.51247,54.013,315.05,1.15,1.07,2026-09-08,1639,T,87,6.1NRT,304.17,7.65,N
27.16266,56.09616,316.79,1,1,2026-09-08,1639,T,87,6.1NRT,304.09,7.4,N
29.98846,55.85415,302.34,1.01,1,2026-09-08,1641,T,48,6.1NRT,291.96,5.13,N
38.05611,67.27534,311.25,1.71,1.28,2026-09-08,2312,A,82,6.1NRT,287.53,27.16,N
21.10759,72.64679,307.59,1.37,1.16,2026-09-08,2316,A,72,6.1NRT,293.87,10.14,N
29.66372,90.99833,310.92,1.18,1.08,2026-09-09,0304,T,41,6.1NRT,286.07,9.93,D
29.55754,90.9882,308.59,1.18,1.08,2026-09-09,0304,T,40,6.1NRT,286.37,8.05,D
29.55564,90.99992,306.98,1.18,1.08,2026-09-09,0304,T,29,6.1NRT,287.66,7.18,D
21.74266,83.84487,304.53,1.15,1.07,2026-09-09,0308,T,37,6.1NRT,272.87,5.32,D
6.84024,81.49506,315.45,1.07,1.03,2026-09-09,0313,T,45,6.1NRT,300.18,5.45,D
6.66426,81.23651,318.25,1.09,1.04,2026-09-09,0313,T,71,6.1NRT,298.01,9.41,D
6.65244,81.25437,318.21,1.09,1.04,2026-09-09,0313,T,70,6.1NRT,298.61,8.89,D
6.40791,80.95628,315.4,1.11,1.05,2026-09-09,0313,T,65,6.1NRT,297.81,7.46,D
37.0333,62.4215,324.92,1.17,1.08,2026-09-09,0442,T,77,6.1NRT,300.68,17.6,D
24.2098,99.45954,310.45,1.34,1.15,2026-09-09,0833,A,34,6.1NRT,296.36,7.09,D
24.27119,98.45341,305.38,1.56,1.23,2026-09-09,0833,A,38,6.1NRT,291.66,7.09,D
24.51989,99.63537,309.82,1.3,1.13,2026-09-09,0833,A,61,6.1NRT,295.39,7.69,D
24.61382,98.412,304.28,1.54,1.22,2026-09-09,0833,A,24,6.1NRT,289.44,4.64,D
25.47319,98.25852,308.98,1.52,1.22,2026-09-09,0833,A,27,6.1NRT,291.01,12.11,D
28.0818,94.82312,307.93,2.31,1.47,2026-09-09,0835,A,41,6.1NRT,289.3,16.09,D
6.36144,80.77077,319.11,1.1,1.05,2026-09-09,1004,A,72,6.1NRT,299.1,11.07,D
7.0725,81.56017,316.2,1.02,1.01,2026-09-09,1004,A,54,6.1NRT,301.42,6.01,D
7.15346,81.80247,324.13,1.01,1.01,2026-09-09,1004,A,78,6.1NRT,306.08,7.81,D
7.26324,81.71919,320.25,1.02,1.01,2026-09-09,1004,A,68,6.1NRT,303.7,6.44,D
7.42908,81.5909,314.84,1.02,1.01,2026-09-09,1004,A,52,6.1NRT,301.03,5.04,D
7.43255,81.55391,318.49,1.02,1.01,2026-09-09,1004,A,62,6.1NRT,303.15,6.89,D
7.58838,81.0555,324.95,1.05,1.02,2026-09-09,1004,A,77,6.1NRT,304.72,11.75,D
7.60611,80.98036,324.26,1.06,1.03,2026-09-09,1004,A,66,6.1NRT,304.45,10.71,D
7.71246,81.01478,328.59,1.05,1.02,2026-09-09,1004,A,75,6.1NRT,304.33,16.78,D
7.75025,81.20501,320.05,1.04,1.02,2026-09-09,1004,A,64,6.1NRT,302.42,7.18,D
7.74889,81.19595,332.52,1.04,1.02,2026-09-09,1004,A,73,6.1NRT,303.09,23.02,D
7.59683,80.1329,316.82,1.15,1.07,2026-09-09,1004,A,61,6.1NRT,300.01,9.71,D
7.69306,80.70413,318.02,1.08,1.04,2026-09-09,1004,A,64,6.1NRT,301.61,9.18,D
7.69163,80.69468,315.52,1.08,1.04,2026-09-09,1004,A,55,6.1NRT,301.37,6.97,D
7.75229,81.03677,319.02,1.05,1.02,2026-09-09,1004,A,66,6.1NRT,304.31,6.04,D
7.78949,80.18259,315.47,1.13,1.06,2026-09-09,1004,A,46,6.1NRT,301.33,5.93,D
7.78797,80.17266,315.92,1.13,1.06,2026-09-09,1004,A,52,6.1NRT,301.25,6.38,D
8.02722,80.58905,318.01,1.08,1.04,2026-09-09,1004,A,45,6.1NRT,302.83,7.06,D
7.92182,79.77618,315.28,1.19,1.08,2026-09-09,1004,A,50,6.1NRT,298.3,6.29,D
8.03789,80.35218,324.76,1.11,1.05,2026-09-09,1004,A,75,6.1NRT,300.33,15.91,D
8.10569,80.01691,315.32,1.15,1.07,2026-09-09,1004,A,52,6.1NRT,300.19,7.86,D
8.31203,81.00758,322.87,1.04,1.02,2026-09-09,1006,A,72,6.1NRT,304.96,8.23,D
8.28995,80.73773,329.58,1.06,1.03,2026-09-09,1006,A,80,6.1NRT,303.94,19.3,D
8.28856,80.72842,318.2,1.06,1.03,2026-09-09,1006,A,59,6.1NRT,303.7,5.85,D
8.25509,80.25979,322.44,1.11,1.05,2026-09-09,1006,A,71,6.1NRT,302.54,13.63,D
8.2692,80.16744,319.27,1.12,1.06,2026-09-09,1006,A,65,6.1NRT,304.01,7.77,D
8.2677,80.1576,334.07,1.12,1.06,2026-09-09,1006,A,84,6.1NRT,304.28,28.22,D
8.46858,81.11987,321.37,1.03,1.02,2026-09-09,1006,A,62,6.1NRT,302.09,9.72,D
8.40382,80.63147,326.05,1.07,1.03,2026-09-09,1006,A,72,6.1NRT,304.18,13.73,D
8.41277,80.44633,325.93,1.09,1.04,2026-09-09,1006,A,76,6.1NRT,302.37,15.95,D
8.41133,80.43679,324.15,1.09,1.04,2026-09-09,1006,A,73,6.1NRT,302.58,14.1,D
8.43325,80.52084,323.16,1.08,1.04,2026-09-09,1006,A,72,6.1NRT,303.56,10.88,D
8.47473,80.54654,319.1,1.08,1.04,2026-09-09,1006,A,53,6.1NRT,303.23,6.94,D
8.5434,80.8783,320.29,1.05,1.02,2026-09-09,1006,A,30,6.1NRT,305.55,7.1,D
8.74592,80.20266,317.29,1.11,1.05,2026-09-09,1006,A,60,6.1NRT,302.35,7.29,D
9.2332,80.66594,320.55,1.05,1.02,2026-09-09,1006,A,38,6.1NRT,300.16,10.2,D
9.415,80.46362,324.04,1.07,1.03,2026-09-09,1006,A,69,6.1NRT,304.14,8.09,D
9.41359,80.45427,324.97,1.07,1.03,2026-09-09,1006,A,78,6.1NRT,304.85,9.33,D
14.60971,79.56552,327.07,1.04,1.02,2026-09-09,1006,A,68,6.1NRT,301.79,14.15,D
38.04535,67.25888,324.11,2.05,1.39,2026-09-09,1013,A,66,6.1NRT,312.69,21.58,D
24.51052,54.01635,317.72,1,1,2026-09-09,1149,A,68,6.1NRT,304.99,8.45,D
30.07616,55.39703,326.06,1.2,1.09,2026-09-09,1149,A,60,6.1NRT,314.31,9.2,D
26.57986,101.66306,318.93,1.93,1.36,2026-09-09,1401,T,98,6.1NRT,292.76,39.08,N
27.37666,95.33338,306.99,1,1,2026-09-09,1401,T,60,6.1NRT,294.71,3.77,N
6.72906,81.1526,305.85,2.06,1.4,2026-09-09,1535,T,66,6.1NRT,293.53,12.02,N
6.72675,81.13448,308.57,2.05,1.39,2026-09-09,1535,T,75,6.1NRT,293.29,16.96,N
15.17915,76.6694,310.63,1.28,1.12,2026-09-09,1537,T,81,6.1NRT,296.76,8.91,N
15.17769,76.65778,310.57,1.28,1.12,2026-09-09,1537,T,80,6.1NRT,296.57,8.76,N
18.51683,74.56442,306,1.09,1.04,2026-09-09,1539,T,66,6.1NRT,292.17,6.09,N
18.51034,74.51455,302.9,1.08,1.04,2026-09-09,1539,T,52,6.1NRT,292.3,3.98,N
18.58824,74.40654,303.63,1.07,1.03,2026-09-09,1539,T,56,6.1NRT,288.69,5.08,N
18.58695,74.39668,308.14,1.07,1.03,2026-09-09,1539,T,74,6.1NRT,288.89,8.18,N
18.5422,74.05591,304.26,1.05,1.02,2026-09-09,1539,T,59,6.1NRT,293.71,4.2,N
18.60828,74.27696,303.14,1.06,1.03,2026-09-09,1539,T,53,6.1NRT,290.65,4.29,N
18.66476,74.50033,301.19,1.09,1.04,2026-09-09,1539,T,39,6.1NRT,285.31,3.84,N
18.69888,74.33785,302.04,1.07,1.03,2026-09-09,1539,T,46,6.1NRT,289.37,4.25,N
21.10935,72.64367,319.08,1.01,1,2026-09-09,1539,T,98,6.1NRT,297.76,13.03,N
21.10808,72.63428,310.72,1.01,1,2026-09-09,1539,T,76,6.1NRT,297.33,5.97,N
25.78012,73.69926,316.92,1.17,1.08,2026-09-09,1539,T,93,6.1NRT,298.29,14.58,N
25.78955,73.69786,309.4,1.17,1.08,2026-09-09,1539,T,70,6.1NRT,298.11,7.36,N
29.18149,75.67741,307.63,1.69,1.28,2026-09-09,1541,T,64,6.1NRT,296.42,10.52,N
38.05161,67.26739,313.35,1.01,1,2026-09-09,1544,T,87,6.1NRT,296.01,10.5,N
38.05003,67.25632,305.59,1.01,1,2026-09-09,1544,T,65,6.1NRT,295.58,5,N
7.68604,80.70201,301.36,1,1,2026-09-09,2220,A,40,6.1NRT,285.81,3.54,N
12.2753,77.38427,302.32,1.61,1.25,2026-09-09,2218,A,47,6.1NRT,288.57,11.31,N
23.18775,55.46006,309.59,1.5,1.21,2026-09-09,2354,A,73,6.1NRT,299.24,12.58,N
18.01103,54.57696,308.96,1.45,1.19,2026-09-09,2356,A,75,6.1NRT,296.24,12.43,N
29.99,55.85389,300.46,1.77,1.3,2026-09-09,2352,A,28,6.1NRT,286.2,14.02,N
26.56761,101.67668,313.16,1.01,1,2026-09-10,0206,T,45,6.1NRT,296.48,6.69,D
27.14683,89.12729,300.18,4.5,1.95,2026-09-10,0345,T,28,6.1NRT,282.34,31.85,D
21.03225,77.36868,312.45,1.03,1.01,2026-09-10,0347,T,65,6.1NRT,295.17,4.67,D
37.34772,59.7137,319.67,1.29,1.13,2026-09-10,0521,T,64,6.1NRT,298.67,12.66,D
36.53882,61.16409,312.93,1.6,1.25,2026-09-10,0521,T,16,6.1NRT,296.62,7.49,D
30.07882,55.39435,320.4,1.06,1.03,2026-09-10,0523,T,56,6.1NRT,307.14,6.58,D
28.03481,57.98679,322.26,1.51,1.21,2026-09-10,0523,T,45,6.1NRT,305.61,7.31,D
27.15893,56.10257,325.35,1.21,1.1,2026-09-10,0523,T,64,6.1NRT,304.55,12.59,D
22.36295,91.3832,315.25,1.19,1.09,2026-09-10,0909,A,32,6.1NRT,293.81,8.8,D
22.36114,91.37207,315.15,1.2,1.09,2026-09-10,0909,A,30,6.1NRT,293.91,8.73,D
22.36857,91.3881,311.32,1.19,1.09,2026-09-10,0909,A,40,6.1NRT,293.62,5.72,D
22.36671,91.37699,321.61,1.19,1.09,2026-09-10,0909,A,74,6.1NRT,294.2,17.8,D
22.36484,91.36587,311.62,1.2,1.09,2026-09-10,0909,A,49,6.1NRT,293.91,6.22,D
33.0822,90.45358,300.13,1.02,1.01,2026-09-10,0911,A,12,6.1NRT,286.43,2.03,D
22.38048,69.33012,310.38,1,1,2026-09-10,1047,A,32,6.1NRT,296.35,5.76,D
28.32792,67.79999,327.03,1,1,2026-09-10,1049,A,69,6.1NRT,310.24,8.67,D
28.32645,67.79015,328.89,1,1,2026-09-10,1049,A,73,6.1NRT,310.13,10.88,D
38.04837,67.26131,331.65,1.07,1.03,2026-09-10,1051,A,77,6.1NRT,313.69,16.86,D
37.06068,57.49296,317.87,2.27,1.46,2026-09-10,1051,A,42,6.1NRT,302.07,13.46,D
37.06646,57.50985,319.12,2.26,1.46,2026-09-10,1051,A,45,6.1NRT,303.26,18.7,D
37.39831,57.92272,316.77,2.09,1.41,2026-09-10,1051,A,19,6.1NRT,299.01,11.47,D
18.0182,54.57582,306.55,3.09,1.67,2026-09-10,1620,T,51,6.1NRT,295.5,22.09,N
23.30988,54.17521,316.02,2.55,1.54,2026-09-10,1620,T,87,6.1NRT,303.42,36.77,N
29.98795,55.85633,321.47,1.42,1.18,2026-09-10,1622,T,100,6.1NRT,291.12,34.21,N
24.51392,54.02386,317.96,1.27,1.12,2026-09-11,0033,A,95,6.1NRT,305.16,12.95,N
18.01955,54.5819,304.84,1.81,1.32,2026-09-11,0035,A,59,6.1NRT,294.39,11.11,N
37.47559,101.3868,300.31,1.69,1.28,2026-09-11,0243,T,22,6.1NRT,288.22,6.66,D
37.0341,101.54478,300.73,1.77,1.3,2026-09-11,0243,T,41,6.1NRT,288.33,7.74,D
36.83813,101.94841,301.43,1.9,1.35,2026-09-11,0243,T,22,6.1NRT,287.28,8.9,D
36.66132,101.65208,304.11,1.83,1.33,2026-09-11,0243,T,24,6.1NRT,289.55,10.94,D
36.55772,101.98107,301.02,1.93,1.36,2026-09-11,0243,T,42,6.1NRT,287.05,10.81,D
36.5606,101.86884,304.37,1.9,1.35,2026-09-11,0243,T,50,6.1NRT,289.39,14.86,D
36.03527,100.42863,324.23,1.6,1.24,2026-09-11,0243,T,83,6.1NRT,291.25,38.33,D
35.97877,100.17766,312.25,1.55,1.23,2026-09-11,0243,T,63,6.1NRT,291.73,16.21,D
35.97566,100.19392,313.64,1.55,1.23,2026-09-11,0243,T,74,6.1NRT,291.13,18.14,D
35.97233,100.18729,317.08,1.55,1.23,2026-09-11,0243,T,77,6.1NRT,292.39,24.93,D
35.58152,99.98253,300.91,1.54,1.22,2026-09-11,0243,T,27,6.1NRT,285.98,5.52,D
29.64967,98.58914,304.83,1.67,1.27,2026-09-11,0245,T,47,6.1NRT,286.88,9.86,D
17.71158,100.67532,304.2,4.28,1.91,2026-09-11,0249,T,39,6.1NRT,285.88,21.38,D
38.20678,77.0107,312.86,1.69,1.28,2026-09-11,0421,T,52,6.1NRT,296.71,12.56,D
18.90418,101.27798,301.4,3.3,1.72,2026-09-11,0809,A,17,6.1NRT,285.83,14.76,D
39.70568,98.53719,314.45,1.63,1.26,2026-09-11,0813,A,48,6.1NRT,297.58,11.63,D
39.71122,98.54722,321.82,1.62,1.25,2026-09-11,0813,A,75,6.1NRT,296.87,26.85,D
22.36258,87.2989,311.78,1.18,1.08,2026-09-11,0947,A,70,6.1NRT,292.63,7.5,D
39.80128,73.78406,303.4,1.65,1.26,2026-09-11,0952,A,9,6.1NRT,287.75,7.7,D
37.66437,57.11879,318.82,1.03,1.01,2026-09-11,1130,A,61,6.1NRT,305.54,7.46,D
37.70717,57.16684,321.17,1.03,1.01,2026-09-11,1130,A,72,6.1NRT,306.48,8.71,D
6.6705,81.24708,323.85,1.03,1.01,2026-09-11,1514,T,100,6.1NRT,294.73,19.16,N
6.66927,81.23807,312.88,1.03,1.01,2026-09-11,1514,T,84,6.1NRT,294.28,8.75,N
25.86513,68.9354,309.8,2.27,1.46,2026-09-11,1520,T,73,6.1NRT,298.35,21.19,N
7.09306,80.96553,316.31,1.02,1.01,2026-09-11,1514,T,93,6.1NRT,295.08,11.87,N
7.10189,80.96429,325.4,1.02,1.01,2026-09-11,1514,T,100,6.1NRT,294.99,20.96,N
25.86492,68.93032,311.01,2.27,1.46,2026-09-11,1520,T,77,6.1NRT,298.41,24.52,N
7.15953,81.04111,306.01,1.02,1.01,2026-09-11,1514,T,59,6.1NRT,294.53,3.49,N
29.47834,76.85403,307.42,1.06,1.03,2026-09-11,1522,T,65,6.1NRT,291.47,5.87,N
11.23436,79.68495,303.92,1,1,2026-09-11,1516,T,58,6.1NRT,279.23,5.36,N
38.05461,67.26805,311.93,1.57,1.23,2026-09-11,1524,T,84,6.1NRT,295.5,18.57,N
21.11052,72.64014,300.99,1.54,1.22,2026-09-11,1518,T,29,6.1NRT,279.18,8.6,N
38.0514,67.25116,305.58,1.57,1.23,2026-09-11,1524,T,65,6.1NRT,295.19,10.1,N
39.18356,72.37373,307.81,1,1,2026-09-11,1524,T,73,6.1NRT,280.56,12.13,N
39.182,72.36255,307.81,1,1,2026-09-11,1524,T,73,6.1NRT,281.39,12.12,N
29.98857,55.84651,300.99,1.68,1.28,2026-09-11,1700,T,36,6.1NRT,289.25,10.81,N
18.0091,54.57,318.44,1.05,1.02,2026-09-11,1656,T,95,6.1NRT,300.74,11.66,N
18.01806,54.5687,311.85,1.05,1.02,2026-09-11,1656,T,69,6.1NRT,300.01,5.66,N
24.50756,54.01557,323.99,1.13,1.06,2026-09-11,1658,T,100,6.1NRT,304.73,17.54,N
27.16136,56.10088,313.22,1.6,1.25,2026-09-11,1658,T,68,6.1NRT,303.06,10.84,N
23.80397,86.33112,301.18,1.4,1.17,2026-09-11,2155,A,38,6.1NRT,286.07,5.74,N
23.76485,86.4004,300.17,1.38,1.16,2026-09-11,2155,A,3,6.1NRT,284.02,5.9,N
23.73951,86.43661,300.53,1.37,1.16,2026-09-11,2155,A,10,6.1NRT,285.23,6.29,N
23.68188,86.4015,300.9,1.38,1.16,2026-09-11,2155,A,22,6.1NRT,287,7.17,N
38.05701,67.27164,311.98,1.1,1.04,2026-09-11,2329,A,84,6.1NRT,289.16,14.11,N
21.7441,83.84272,318.07,1.14,1.07,2026-09-12,0328,T,76,6.1NRT,285.75,15.24,D
13.93189,78.47188,320.82,1.04,1.02,2026-09-12,0330,T,72,6.1NRT,299.95,8.63,D
12.20675,79.5255,315.43,1,1,2026-09-12,0330,T,63,6.1NRT,289.19,8.6,D
11.50691,78.01083,314.49,1.04,1.02,2026-09-12,0330,T,69,6.1NRT,287.61,8.65,D
10.86789,77.49973,311.07,1.07,1.03,2026-09-12,0330,T,61,6.1NRT,284.17,6.39,D
8.21682,80.04468,315.78,1.07,1.03,2026-09-12,0330,T,56,6.1NRT,295.5,8.24,D
8.12449,80.29391,312.25,1.09,1.04,2026-09-12,0330,T,45,6.1NRT,296.28,5.22,D
7.92361,80.72602,313.8,1.15,1.07,2026-09-12,0330,T,53,6.1NRT,297.41,7.02,D
38.16744,65.32792,328.05,1.33,1.14,2026-09-12,0459,T,78,6.1NRT,307.14,23.01,D
38.16896,65.32186,319.1,1.33,1.14,2026-09-12,0459,T,59,6.1NRT,307.24,10.4,D
38.16638,65.33643,321.44,1.33,1.14,2026-09-12,0459,T,68,6.1NRT,306.56,14.04,D
37.45341,59.86232,317.23,1.02,1.01,2026-09-12,0501,T,66,6.1NRT,298.52,9.94,D
37.45192,59.87349,311.07,1.02,1.01,2026-09-12,0501,T,37,6.1NRT,299.07,4.94,D
35.83702,62.98854,316.35,1.13,1.06,2026-09-12,0501,T,30,6.1NRT,302.76,5.85,D
14.85925,100.60603,313.06,1.02,1.01,2026-09-12,0845,A,41,6.1NRT,296.46,5.28,D
14.93563,100.43606,315.52,1.03,1.02,2026-09-12,0845,A,38,6.1NRT,297.21,5.6,D
14.94307,100.42535,314.67,1.03,1.02,2026-09-12,0845,A,34,6.1NRT,296.86,5.18,D
15.14129,100.69135,320.76,1.02,1.01,2026-09-12,0845,A,74,6.1NRT,297.32,10.53,D
15.30032,100.57835,315.77,1.02,1.01,2026-09-12,0845,A,69,6.1NRT,296.56,6.81,D
16.58735,99.79659,313.41,1.05,1.02,2026-09-12,0845,A,65,6.1NRT,297.6,5.19,D
16.58589,99.7871,319.62,1.05,1.02,2026-09-12,0845,A,75,6.1NRT,297.81,10.94,D
17.11975,99.94057,316.96,1.03,1.02,2026-09-12,0845,A,70,6.1NRT,297.95,7.98,D
19.30407,101.72637,308.43,1.04,1.02,2026-09-12,0848,A,63,6.1NRT,290.73,4.83,D
19.78694,99.5205,307.88,1.02,1.01,2026-09-12,0848,A,54,6.1NRT,294.97,4.73,D
20.4678,100.11884,309.18,1,1,2026-09-12,0848,A,45,6.1NRT,295.83,5.69,D
24.49007,89.00456,310.58,3.92,1.84,2026-09-12,0850,A,29,6.1NRT,287.23,32.22,D
26.92788,94.99763,310.39,1.32,1.14,2026-09-12,0850,A,64,6.1NRT,293.52,7.33,D
28.02926,96.06071,311.94,1.12,1.06,2026-09-12,0850,A,25,6.1NRT,294.88,5.73,D
28.49991,97.02179,312.71,1.04,1.02,2026-09-12,0850,A,71,6.1NRT,295.64,9.4,D
14.18978,100.15951,315.27,1.07,1.03,2026-09-12,0843,A,69,6.1NRT,296.55,6.74,D
14.24117,100.37342,313.76,1.05,1.02,2026-09-12,0843,A,62,6.1NRT,291.64,6.84,D
14.23442,100.21054,322.11,1.06,1.03,2026-09-12,0843,A,73,6.1NRT,292.75,14.27,D
14.4055,100.23811,315.88,1.06,1.03,2026-09-12,0843,A,69,6.1NRT,295.83,7.94,D
33.18841,90.32264,300.6,1.96,1.37,2026-09-12,0850,A,19,6.1NRT,286.83,6.4,D
34.12476,89.01239,300.56,2.27,1.46,2026-09-12,0850,A,22,6.1NRT,285.84,10.67,D
33.09256,84.50216,301.56,4.82,2,2026-09-12,0850,A,35,6.1NRT,287.63,19.08,D
35.11228,89.17841,302.7,2.09,1.41,2026-09-12,0850,A,46,6.1NRT,287.06,8.35,D
39.80843,98.28856,315.23,1.19,1.08,2026-09-12,0852,A,51,6.1NRT,301.2,8.88,D
6.68007,81.06827,317.62,1.16,1.07,2026-09-12,1021,A,52,6.1NRT,295.19,11.2,D
7.6395,81.00785,319.27,1.18,1.08,2026-09-12,1021,A,62,6.1NRT,297.73,10.92,D
7.63805,80.99754,322.78,1.18,1.08,2026-09-12,1021,A,76,6.1NRT,298.34,15.51,D
7.70209,81.04115,324.96,1.19,1.08,2026-09-12,1021,A,67,6.1NRT,297.26,20.88,D
8.03006,81.33431,315.65,1.24,1.11,2026-09-12,1021,A,41,6.1NRT,297.15,6.7,D
8.03315,81.32704,317.01,1.24,1.11,2026-09-12,1021,A,41,6.1NRT,297.93,8.19,D
7.8741,79.99017,317.07,1.07,1.03,2026-09-12,1021,A,63,6.1NRT,299.89,7.1,D
8.11234,80.10625,320.2,1.08,1.04,2026-09-12,1021,A,71,6.1NRT,302.28,9.01,D
8.47405,80.31352,319.58,1.11,1.05,2026-09-12,1021,A,69,6.1NRT,302.94,7.17,D
8.50044,80.17126,322.56,1.1,1.04,2026-09-12,1021,A,73,6.1NRT,301.7,12.16,D
8.61317,80.31743,332.81,1.12,1.05,2026-09-12,1021,A,84,6.1NRT,302.52,25.23,D
8.61176,80.30764,318.74,1.12,1.05,2026-09-12,1021,A,52,6.1NRT,300.45,7.29,D
8.64177,80.32677,327.19,1.12,1.05,2026-09-12,1021,A,68,6.1NRT,302.58,16.16,D
8.79635,80.57291,319.74,1.15,1.07,2026-09-12,1021,A,46,6.1NRT,301.68,7.55,D
8.94762,80.85014,314.35,1.2,1.09,2026-09-12,1021,A,25,6.1NRT,295.05,6.3,D
9.63119,77.46328,310.97,1.01,1.01,2026-09-12,1021,A,33,6.1NRT,290.73,5.81,D
11.30953,78.57574,321.27,1.02,1.01,2026-09-12,1021,A,70,6.1NRT,299.28,10.4,D
11.78687,79.59202,311.6,1.11,1.05,2026-09-12,1021,A,56,6.1NRT,288.85,4.6,D
12.60968,76.29048,313.04,1.04,1.02,2026-09-12,1021,A,61,6.1NRT,295.2,3.82,D
29.78107,72.78116,316.78,1.01,1,2026-09-12,1026,A,48,6.1NRT,301.84,6,D
30.62865,72.08572,315.31,1.02,1.01,2026-09-12,1026,A,39,6.1NRT,300.81,5.38,D
31.11804,74.62901,314.48,1.06,1.03,2026-09-12,1026,A,52,6.1NRT,299.96,6.21,D
31.55921,75.3336,313.01,1.14,1.06,2026-09-12,1026,A,39,6.1NRT,299.71,8.06,D
31.70009,74.9928,314.54,1.1,1.05,2026-09-12,1026,A,46,6.1NRT,299.8,6.32,D
31.77139,75.03778,315.94,1.11,1.05,2026-09-12,1026,A,65,6.1NRT,299.22,7.63,D
31.56544,72.56394,316.29,1,1,2026-09-12,1028,A,45,6.1NRT,299.39,5.91,D
33.2713,71.58834,319.22,1.01,1.01,2026-09-12,1028,A,50,6.1NRT,303.24,7.13,D
38.05124,67.26376,335.69,1.24,1.11,2026-09-12,1030,A,84,6.1NRT,312.24,30.19,D
38.09774,65.4739,324.38,1.54,1.22,2026-09-12,1030,A,70,6.1NRT,306.8,23.85,D
38.90746,66.71458,330.19,1.28,1.12,2026-09-12,1030,A,82,6.1NRT,304.74,28,D
37.4058,59.67274,320.26,3.66,1.79,2026-09-12,1030,A,61,6.1NRT,301.07,56.27,D
37.4011,59.66746,320.07,3.66,1.79,2026-09-12,1030,A,58,6.1NRT,301.28,54.35,D
37.11632,62.35772,303.8,1.02,1.01,2026-09-12,1601,T,57,6.1NRT,292.96,5.86,N
38.05221,67.26448,310.86,1.33,1.14,2026-09-12,1601,T,81,6.1NRT,294.19,13.52,N
38.05113,67.25816,305.7,1.33,1.14,2026-09-12,1601,T,65,6.1NRT,294.13,8.91,N
37.78978,62.53573,302.91,1.01,1,2026-09-12,1601,T,52,6.1NRT,291.61,5.48,N
23.77925,86.20953,302.11,1.74,1.29,2026-09-12,2231,A,34,6.1NRT,289.25,9.17,N
22.21165,84.86924,303.66,1.5,1.21,2026-09-12,2231,A,56,6.1NRT,291.65,7.64,N
20.9697,85.17201,307.49,1.67,1.27,2026-09-12,2231,A,72,6.1NRT,290.12,13.84,N
20.96693,85.18732,306.25,1.67,1.27,2026-09-12,2231,A,61,6.1NRT,288.13,12.92,N
18.01268,54.57082,324.36,1,1,2026-09-13,0011,A,100,6.1NRT,290.36,21.11,N
18.01131,54.57994,314.64,1,1,2026-09-13,0011,A,90,6.1NRT,289.9,11.85,N
17.89436,54.48332,312.61,1,1,2026-09-13,0011,A,85,6.1NRT,286.95,10.52,N
17.89299,54.49244,310.94,1,1,2026-09-13,0011,A,81,6.1NRT,286.95,9.33,N
29.99706,55.85524,306.84,1.08,1.04,2026-09-13,0009,A,69,6.1NRT,287.12,10.35,N
27.16362,56.10137,310.97,1.02,1.01,2026-09-13,0009,A,75,6.1NRT,298.91,8.24,N
25.49147,100.75357,310.08,1.31,1.14,2026-09-13,0226,T,22,6.1NRT,290.99,8.66,D
25.41637,100.21986,305.86,1.23,1.1,2026-09-13,0226,T,25,6.1NRT,292.16,5.04,D
24.7832,99.39469,309.79,1.14,1.06,2026-09-13,0226,T,52,6.1NRT,295.58,6.78,D
24.60315,99.76388,304.04,1.19,1.09,2026-09-13,0226,T,58,6.1NRT,292.36,5.16,D
24.54941,99.33937,315.16,1.14,1.06,2026-09-13,0226,T,48,6.1NRT,296.62,9.39,D
23.89413,99.68765,305.57,1.21,1.09,2026-09-13,0226,T,59,6.1NRT,295.08,5.94,D
23.79946,99.63871,306.27,1.2,1.09,2026-09-13,0226,T,63,6.1NRT,294.36,5.97,D
23.75558,99.60699,307.86,1.2,1.09,2026-09-13,0226,T,39,6.1NRT,294.22,6.49,D
23.15121,101.59847,304.68,1.63,1.26,2026-09-13,0226,T,34,6.1NRT,291.4,8.64,D
23.14028,101.59625,302.67,1.63,1.26,2026-09-13,0226,T,32,6.1NRT,291.31,7.05,D
23.10185,101.34953,303.84,1.57,1.23,2026-09-13,0226,T,27,6.1NRT,290.68,8.05,D
23.08596,101.3768,302.49,1.58,1.24,2026-09-13,0226,T,36,6.1NRT,290.74,7.36,D
22.91331,101.76496,302.9,1.69,1.28,2026-09-13,0226,T,34,6.1NRT,291.66,8.17,D
22.90994,101.51569,302.03,1.62,1.25,2026-09-13,0226,T,47,6.1NRT,290.91,6.73,D
22.85531,101.63324,304.12,1.66,1.27,2026-09-13,0226,T,42,6.1NRT,292.12,9.32,D
23.00552,100.22162,306.1,1.33,1.14,2026-09-13,0226,T,59,6.1NRT,292.94,7.72,D
22.87252,100.94128,304.59,1.49,1.2,2026-09-13,0226,T,59,6.1NRT,291.35,8.65,D
22.87791,100.61659,305.11,1.42,1.18,2026-09-13,0226,T,60,6.1NRT,292.22,8.07,D
22.87565,100.63007,304.57,1.42,1.18,2026-09-13,0226,T,59,6.1NRT,292.28,7.58,D
22.78602,100.90469,309.02,1.48,1.2,2026-09-13,0226,T,60,6.1NRT,292.92,11.43,D
22.84163,100.46776,305.51,1.39,1.17,2026-09-13,0226,T,46,6.1NRT,293.44,7.39,D
22.66839,100.39524,307.73,1.38,1.16,2026-09-13,0226,T,31,6.1NRT,293.54,7.58,D
22.64167,100.43,305.51,1.39,1.17,2026-09-13,0226,T,30,6.1NRT,292.65,7.01,D
22.50348,100.57565,305.84,1.43,1.18,2026-09-13,0226,T,62,6.1NRT,291.55,7.76,D
21.9935,100.49193,306.48,1.44,1.19,2026-09-13,0226,T,18,6.1NRT,293.17,7.62,D
21.58531,101.60341,303.83,1.75,1.3,2026-09-13,0226,T,48,6.1NRT,288.82,8.77,D
20.14323,99.85696,309.82,1.4,1.17,2026-09-13,0226,T,39,6.1NRT,294.52,7.4,D
19.34398,100.36923,305.85,1.57,1.23,2026-09-13,0226,T,54,6.1NRT,292.88,6.85,D
17.70758,100.18694,311.65,1.63,1.26,2026-09-13,0228,T,60,6.1NRT,291.77,12.29,D
17.18685,99.1938,310.83,1.42,1.18,2026-09-13,0228,T,63,6.1NRT,294.25,8.38,D
16.71189,98.56642,314.2,1.31,1.14,2026-09-13,0228,T,41,6.1NRT,295.29,8.04,D
12.80201,101.20818,312.2,2.42,1.5,2026-09-13,0228,T,43,6.1NRT,289.47,17.02,D
33.21834,71.49055,315.12,1.18,1.08,2026-09-13,0402,T,53,6.1NRT,298.35,6.3,D
28.30702,55.9024,319.48,2.29,1.46,2026-09-13,0542,T,24,6.1NRT,305.81,15.92,D
39.30597,56.11472,317.19,1.36,1.16,2026-09-13,0540,T,53,6.1NRT,301.04,13.16,D
28.4405,67.75491,327.36,1.3,1.13,2026-09-13,1104,A,71,6.1NRT,306.18,13.04,D
28.74539,54.53621,325.7,3.26,1.71,2026-09-13,1104,A,48,6.1NRT,308.49,54.92,D
29.19542,54.31314,321.17,3.3,1.72,2026-09-13,1106,A,33,6.1NRT,307.42,24.03,D
37.50293,65.3674,342.29,1.26,1.12,2026-09-13,1106,A,89,6.1NRT,306.6,55.35,D
36.99682,60.81879,335.12,1.02,1.01,2026-09-13,1106,A,83,6.1NRT,310.89,26.01,D
36.99511,60.80783,330.75,1.02,1.01,2026-09-13,1106,A,78,6.1NRT,306.37,20.64,D
37.13388,61.34525,324.55,1,1,2026-09-13,1106,A,50,6.1NRT,302.79,14.97,D
37.39901,61.19493,318.91,1,1,2026-09-13,1106,A,45,6.1NRT,308.34,5.64,D
37.58603,61.52811,322.76,1,1,2026-09-13,1106,A,49,6.1NRT,311.94,6.14,D
37.92221,62.43024,327.05,1.02,1.01,2026-09-13,1106,A,43,6.1NRT,309.3,15.21,D
37.69746,59.33715,320.09,1.09,1.04,2026-09-13,1106,A,54,6.1NRT,307,9.08,D
39.03139,56.55208,330.09,1.37,1.16,2026-09-13,1108,A,75,6.1NRT,305.49,33.21,D
26.56655,101.6783,303.51,1.36,1.15,2026-09-13,1321,T,46,6.1NRT,292.72,6.34,N
26.56497,101.6721,303.69,1.36,1.15,2026-09-13,1321,T,44,6.1NRT,292.61,6.45,N
26.57506,101.67036,318.16,1.36,1.15,2026-09-13,1321,T,96,6.1NRT,291.84,23.1,N
26.57289,101.65749,310.45,1.36,1.16,2026-09-13,1321,T,80,6.1NRT,290.94,13.53,N
26.62446,101.59277,307.95,1.37,1.16,2026-09-13,1321,T,73,6.1NRT,289.34,13.58,N
19.10175,82.16541,303.33,1.01,1,2026-09-13,1459,T,55,6.1NRT,289.27,4.72,N
20.97322,86.0125,308.25,1.37,1.16,2026-09-13,1459,T,74,6.1NRT,291.4,9.23,N
29.98813,55.85661,335.05,1,1,2026-09-13,1639,T,100,6.1NRT,293.03,36.35,N
29.98677,55.8465,303.67,1,1,2026-09-13,1639,T,56,6.1NRT,291.09,5.79,N
18.00814,54.57336,307.4,1.36,1.16,2026-09-13,1637,T,66,6.1NRT,295.86,6.88,N
20.99961,56.53124,314.8,1.03,1.01,2026-09-13,1637,T,86,6.1NRT,298.74,9.42,N
21.93604,57.07064,313.03,1,1,2026-09-13,1637,T,76,6.1NRT,299.71,7.1,N
24.48273,56.61141,315.5,1,1,2026-09-13,1639,T,82,6.1NRT,301.13,7.82,N
24.50899,56.60696,315.21,1,1,2026-09-13,1639,T,81,6.1NRT,301.37,7.87,N
26.88008,73.51734,305.16,1.05,1.02,2026-09-13,2309,A,63,6.1NRT,291.65,4.34,N
18.01354,54.58762,303.99,3.57,1.77,2026-09-14,0050,A,58,6.1NRT,290.23,32.49,N
18.01655,54.58358,304.98,3.57,1.77,2026-09-14,0050,A,62,6.1NRT,290.32,36.18,N
26.77024,92.75946,309.71,1.62,1.25,2026-09-14,0304,T,64,6.1NRT,293.74,8.45,D
24.25327,92.8651,309.13,1.85,1.33,2026-09-14,0304,T,30,6.1NRT,293.51,10.13,D
24.13647,91.33692,313.81,1.46,1.19,2026-09-14,0304,T,66,6.1NRT,296.75,9.45,D
39.67927,98.57797,312.1,1.97,1.37,2026-09-14,0302,T,19,6.1NRT,295.2,16.71,D
23.58123,90.64874,310.77,1.35,1.15,2026-09-14,0306,T,56,6.1NRT,294.19,7.55,D
23.80516,86.32338,314.19,1.01,1,2026-09-14,0306,T,66,6.1NRT,295.34,6.7,D
23.80383,86.33302,317.3,1.01,1,2026-09-14,0306,T,71,6.1NRT,294.64,9.15,D
23.76407,86.409,313.99,1.01,1,2026-09-14,0306,T,38,6.1NRT,295.22,5.78,D
22.75826,88.3037,310.73,1.06,1.03,2026-09-14,0306,T,54,6.1NRT,295.7,4.73,D
36.9864,78.80074,300.11,4.68,1.98,2026-09-14,0440,T,20,6.1NRT,283.48,28.31,D
22.67102,100.37709,313.35,1.65,1.26,2026-09-14,0824,A,58,6.1NRT,293.4,14.46,D
22.71932,100.37659,306.15,1.64,1.26,2026-09-14,0824,A,33,6.1NRT,290.91,6.12,D
22.80733,100.35181,309.95,1.64,1.26,2026-09-14,0824,A,21,6.1NRT,293.17,10.44,D
22.8375,100.45571,311.04,1.61,1.25,2026-09-14,0824,A,39,6.1NRT,293.68,12.3,D
23.08911,101.16244,306.58,1.43,1.18,2026-09-14,0824,A,55,6.1NRT,289.38,8.42,D
22.94778,100.2991,312.68,1.65,1.26,2026-09-14,0824,A,55,6.1NRT,293.93,14.15,D
23.04251,100.17106,310.91,1.67,1.27,2026-09-14,0824,A,51,6.1NRT,293.74,13.08,D
24.73415,100.01245,311.48,1.59,1.24,2026-09-14,0824,A,69,6.1NRT,295.17,14.19,D
24.73164,99.99865,308.1,1.59,1.24,2026-09-14,0824,A,38,6.1NRT,294.91,9.43,D
25.87023,101.66912,309.55,1.21,1.09,2026-09-14,0824,A,34,6.1NRT,294.28,4.3,D
7.15747,81.72491,319.83,1.19,1.09,2026-09-14,0958,A,68,6.1NRT,295.25,15.22,D
7.94587,80.44936,314.32,1.4,1.17,2026-09-14,0958,A,41,6.1NRT,297.59,8.42,D
7.9428,80.11061,315.42,1.47,1.2,2026-09-14,0958,A,0,6.1NRT,291.05,21.74,D
8.32979,81.27854,317.77,1.22,1.1,2026-09-14,0958,A,68,6.1NRT,295.48,10.57,D
8.38569,80.50906,314.12,1.36,1.16,2026-09-14,0958,A,59,6.1NRT,283.16,13.35,D
17.60619,83.20116,313.71,1.04,1.02,2026-09-14,1002,A,61,6.1NRT,298.69,5.19,D
19.09433,82.1663,319.37,1.01,1,2026-09-14,1002,A,75,6.1NRT,299.83,11.3,D
20.96498,85.17587,318.16,1.42,1.18,2026-09-14,1002,A,52,6.1NRT,296.53,14.19,D
20.96334,85.16265,316.64,1.42,1.18,2026-09-14,1002,A,18,6.1NRT,296.63,11.65,D
21.75702,84.01762,317.49,1.24,1.11,2026-09-14,1002,A,71,6.1NRT,298.05,11.75,D
21.74407,83.84457,322.85,1.21,1.09,2026-09-14,1002,A,62,6.1NRT,298.61,15.24,D
21.91599,83.35078,317.07,1.15,1.07,2026-09-14,1002,A,70,6.1NRT,299.01,10.06,D
31.54508,75.07439,313.76,1.25,1.11,2026-09-14,1004,A,52,6.1NRT,297.04,7.75,D
